id,Gender,Have you previously attended any events organized by Tribe?,What day of the week are most convenient for you to attend events?,During which time(s) of the day are you most likely to attend events?,What topics would you be most interested in discussing or learning about during Tribe events?,"Would you like to see more gender focused events (e.g. female entrepreneurship, including discussions with female founders and women in business)",Do you feel that event advertisements are relevant to your interests and needs as a member of your gender group,What improvements or changes would encourage you to attend Tribe events more frequently? (Open-ended)?,Event Date_x,Year,Month,Month_name,index,Event Date_y,Pref_days_cleaned,pref_times_cleaned,pref_topic,final_category
6719865025,Female,Yes,"Thursdays, Wednesdays, Tuesdays",4pm - 6pm,.,Yes,Yes,.,2024-05-28,2024,5,May,0,2024-05-28,Thursdays,4pm - 6pm,.,uncategorized
6719865025,Female,Yes,"Thursdays, Wednesdays, Tuesdays",4pm - 6pm,.,Yes,Yes,.,2024-05-28,2024,5,May,0,2024-05-28,Wednesdays,4pm - 6pm,.,uncategorized
6719865025,Female,Yes,"Thursdays, Wednesdays, Tuesdays",4pm - 6pm,.,Yes,Yes,.,2024-05-28,2024,5,May,0,2024-05-28,Tuesdays,4pm - 6pm,.,uncategorized
6720233952,Male,Yes,Tuesdays,6pm - 8pm,Networking,Yes,Yes,Everything was great,2024-05-28,2024,5,May,1,2024-05-28,Tuesdays,6pm - 8pm,Networking,networking
6720554800,Male,No,"Fridays, Saturdays","2pm - 4pm, 4pm - 6pm",Entrepeneur/Startups,Yes,No,Snacks and free food :),2024-05-28,2024,5,May,2,2024-05-28,Fridays,2pm - 4pm,Entrepeneur/Startups,startup & entrepreneurship
6720554800,Male,No,"Fridays, Saturdays","2pm - 4pm, 4pm - 6pm",Entrepeneur/Startups,Yes,No,Snacks and free food :),2024-05-28,2024,5,May,2,2024-05-28,Fridays,4pm - 6pm,Entrepeneur/Startups,startup & entrepreneurship
6720554800,Male,No,"Fridays, Saturdays","2pm - 4pm, 4pm - 6pm",Entrepeneur/Startups,Yes,No,Snacks and free food :),2024-05-28,2024,5,May,2,2024-05-28,Saturdays,2pm - 4pm,Entrepeneur/Startups,startup & entrepreneurship
6720554800,Male,No,"Fridays, Saturdays","2pm - 4pm, 4pm - 6pm",Entrepeneur/Startups,Yes,No,Snacks and free food :),2024-05-28,2024,5,May,2,2024-05-28,Saturdays,4pm - 6pm,Entrepeneur/Startups,startup & entrepreneurship
6720554947,Male,No,"Saturdays, Sundays, Fridays","4pm - 6pm, 12pm - 2pm",Startups,No,No,More snacks,2024-05-28,2024,5,May,3,2024-05-28,Saturdays,4pm - 6pm,Startups,startup & entrepreneurship
6720554947,Male,No,"Saturdays, Sundays, Fridays","4pm - 6pm, 12pm - 2pm",Startups,No,No,More snacks,2024-05-28,2024,5,May,3,2024-05-28,Saturdays,12pm - 2pm,Startups,startup & entrepreneurship
6720554947,Male,No,"Saturdays, Sundays, Fridays","4pm - 6pm, 12pm - 2pm",Startups,No,No,More snacks,2024-05-28,2024,5,May,3,2024-05-28,Sundays,4pm - 6pm,Startups,startup & entrepreneurship
6720554947,Male,No,"Saturdays, Sundays, Fridays","4pm - 6pm, 12pm - 2pm",Startups,No,No,More snacks,2024-05-28,2024,5,May,3,2024-05-28,Sundays,12pm - 2pm,Startups,startup & entrepreneurship
6720554947,Male,No,"Saturdays, Sundays, Fridays","4pm - 6pm, 12pm - 2pm",Startups,No,No,More snacks,2024-05-28,2024,5,May,3,2024-05-28,Fridays,4pm - 6pm,Startups,startup & entrepreneurship
6720554947,Male,No,"Saturdays, Sundays, Fridays","4pm - 6pm, 12pm - 2pm",Startups,No,No,More snacks,2024-05-28,2024,5,May,3,2024-05-28,Fridays,12pm - 2pm,Startups,startup & entrepreneurship
6731154293,Male,Yes,"Mondays, Thursdays, Fridays, Saturdays, Sundays","9am - 12pm, 4pm - 6pm, 6pm - 8pm",Any topic,Yes,Yes,Nothing in mind,2024-05-28,2024,5,May,4,2024-05-28,Mondays,9am - 12pm,Any topic,uncategorized
6731154293,Male,Yes,"Mondays, Thursdays, Fridays, Saturdays, Sundays","9am - 12pm, 4pm - 6pm, 6pm - 8pm",Any topic,Yes,Yes,Nothing in mind,2024-05-28,2024,5,May,4,2024-05-28,Mondays,4pm - 6pm,Any topic,uncategorized
6731154293,Male,Yes,"Mondays, Thursdays, Fridays, Saturdays, Sundays","9am - 12pm, 4pm - 6pm, 6pm - 8pm",Any topic,Yes,Yes,Nothing in mind,2024-05-28,2024,5,May,4,2024-05-28,Mondays,6pm - 8pm,Any topic,uncategorized
6731154293,Male,Yes,"Mondays, Thursdays, Fridays, Saturdays, Sundays","9am - 12pm, 4pm - 6pm, 6pm - 8pm",Any topic,Yes,Yes,Nothing in mind,2024-05-28,2024,5,May,4,2024-05-28,Thursdays,9am - 12pm,Any topic,uncategorized
6731154293,Male,Yes,"Mondays, Thursdays, Fridays, Saturdays, Sundays","9am - 12pm, 4pm - 6pm, 6pm - 8pm",Any topic,Yes,Yes,Nothing in mind,2024-05-28,2024,5,May,4,2024-05-28,Thursdays,4pm - 6pm,Any topic,uncategorized
6731154293,Male,Yes,"Mondays, Thursdays, Fridays, Saturdays, Sundays","9am - 12pm, 4pm - 6pm, 6pm - 8pm",Any topic,Yes,Yes,Nothing in mind,2024-05-28,2024,5,May,4,2024-05-28,Thursdays,6pm - 8pm,Any topic,uncategorized
6731154293,Male,Yes,"Mondays, Thursdays, Fridays, Saturdays, Sundays","9am - 12pm, 4pm - 6pm, 6pm - 8pm",Any topic,Yes,Yes,Nothing in mind,2024-05-28,2024,5,May,4,2024-05-28,Fridays,9am - 12pm,Any topic,uncategorized
6731154293,Male,Yes,"Mondays, Thursdays, Fridays, Saturdays, Sundays","9am - 12pm, 4pm - 6pm, 6pm - 8pm",Any topic,Yes,Yes,Nothing in mind,2024-05-28,2024,5,May,4,2024-05-28,Fridays,4pm - 6pm,Any topic,uncategorized
6731154293,Male,Yes,"Mondays, Thursdays, Fridays, Saturdays, Sundays","9am - 12pm, 4pm - 6pm, 6pm - 8pm",Any topic,Yes,Yes,Nothing in mind,2024-05-28,2024,5,May,4,2024-05-28,Fridays,6pm - 8pm,Any topic,uncategorized
6731154293,Male,Yes,"Mondays, Thursdays, Fridays, Saturdays, Sundays","9am - 12pm, 4pm - 6pm, 6pm - 8pm",Any topic,Yes,Yes,Nothing in mind,2024-05-28,2024,5,May,4,2024-05-28,Saturdays,9am - 12pm,Any topic,uncategorized
6731154293,Male,Yes,"Mondays, Thursdays, Fridays, Saturdays, Sundays","9am - 12pm, 4pm - 6pm, 6pm - 8pm",Any topic,Yes,Yes,Nothing in mind,2024-05-28,2024,5,May,4,2024-05-28,Saturdays,4pm - 6pm,Any topic,uncategorized
6731154293,Male,Yes,"Mondays, Thursdays, Fridays, Saturdays, Sundays","9am - 12pm, 4pm - 6pm, 6pm - 8pm",Any topic,Yes,Yes,Nothing in mind,2024-05-28,2024,5,May,4,2024-05-28,Saturdays,6pm - 8pm,Any topic,uncategorized
6731154293,Male,Yes,"Mondays, Thursdays, Fridays, Saturdays, Sundays","9am - 12pm, 4pm - 6pm, 6pm - 8pm",Any topic,Yes,Yes,Nothing in mind,2024-05-28,2024,5,May,4,2024-05-28,Sundays,9am - 12pm,Any topic,uncategorized
6731154293,Male,Yes,"Mondays, Thursdays, Fridays, Saturdays, Sundays","9am - 12pm, 4pm - 6pm, 6pm - 8pm",Any topic,Yes,Yes,Nothing in mind,2024-05-28,2024,5,May,4,2024-05-28,Sundays,4pm - 6pm,Any topic,uncategorized
6731154293,Male,Yes,"Mondays, Thursdays, Fridays, Saturdays, Sundays","9am - 12pm, 4pm - 6pm, 6pm - 8pm",Any topic,Yes,Yes,Nothing in mind,2024-05-28,2024,5,May,4,2024-05-28,Sundays,6pm - 8pm,Any topic,uncategorized
6731178091,Female,Yes,"Mondays, Tuesdays, Wednesdays, Thursdays, Fridays","12pm - 2pm, 2pm - 4pm, 4pm - 6pm",Anything related to UX designs and cool ideas,I'm indifferent,I'm indifferent,"I don't know, haven't been here long enough to complain",2024-05-28,2024,5,May,5,2024-05-28,Mondays,12pm - 2pm,Anything related to UX designs and cool ideas,ux & design
6731178091,Female,Yes,"Mondays, Tuesdays, Wednesdays, Thursdays, Fridays","12pm - 2pm, 2pm - 4pm, 4pm - 6pm",Anything related to UX designs and cool ideas,I'm indifferent,I'm indifferent,"I don't know, haven't been here long enough to complain",2024-05-28,2024,5,May,5,2024-05-28,Mondays,2pm - 4pm,Anything related to UX designs and cool ideas,ux & design
6731178091,Female,Yes,"Mondays, Tuesdays, Wednesdays, Thursdays, Fridays","12pm - 2pm, 2pm - 4pm, 4pm - 6pm",Anything related to UX designs and cool ideas,I'm indifferent,I'm indifferent,"I don't know, haven't been here long enough to complain",2024-05-28,2024,5,May,5,2024-05-28,Mondays,4pm - 6pm,Anything related to UX designs and cool ideas,ux & design
6731178091,Female,Yes,"Mondays, Tuesdays, Wednesdays, Thursdays, Fridays","12pm - 2pm, 2pm - 4pm, 4pm - 6pm",Anything related to UX designs and cool ideas,I'm indifferent,I'm indifferent,"I don't know, haven't been here long enough to complain",2024-05-28,2024,5,May,5,2024-05-28,Tuesdays,12pm - 2pm,Anything related to UX designs and cool ideas,ux & design
6731178091,Female,Yes,"Mondays, Tuesdays, Wednesdays, Thursdays, Fridays","12pm - 2pm, 2pm - 4pm, 4pm - 6pm",Anything related to UX designs and cool ideas,I'm indifferent,I'm indifferent,"I don't know, haven't been here long enough to complain",2024-05-28,2024,5,May,5,2024-05-28,Tuesdays,2pm - 4pm,Anything related to UX designs and cool ideas,ux & design
6731178091,Female,Yes,"Mondays, Tuesdays, Wednesdays, Thursdays, Fridays","12pm - 2pm, 2pm - 4pm, 4pm - 6pm",Anything related to UX designs and cool ideas,I'm indifferent,I'm indifferent,"I don't know, haven't been here long enough to complain",2024-05-28,2024,5,May,5,2024-05-28,Tuesdays,4pm - 6pm,Anything related to UX designs and cool ideas,ux & design
6731178091,Female,Yes,"Mondays, Tuesdays, Wednesdays, Thursdays, Fridays","12pm - 2pm, 2pm - 4pm, 4pm - 6pm",Anything related to UX designs and cool ideas,I'm indifferent,I'm indifferent,"I don't know, haven't been here long enough to complain",2024-05-28,2024,5,May,5,2024-05-28,Wednesdays,12pm - 2pm,Anything related to UX designs and cool ideas,ux & design
6731178091,Female,Yes,"Mondays, Tuesdays, Wednesdays, Thursdays, Fridays","12pm - 2pm, 2pm - 4pm, 4pm - 6pm",Anything related to UX designs and cool ideas,I'm indifferent,I'm indifferent,"I don't know, haven't been here long enough to complain",2024-05-28,2024,5,May,5,2024-05-28,Wednesdays,2pm - 4pm,Anything related to UX designs and cool ideas,ux & design
6731178091,Female,Yes,"Mondays, Tuesdays, Wednesdays, Thursdays, Fridays","12pm - 2pm, 2pm - 4pm, 4pm - 6pm",Anything related to UX designs and cool ideas,I'm indifferent,I'm indifferent,"I don't know, haven't been here long enough to complain",2024-05-28,2024,5,May,5,2024-05-28,Wednesdays,4pm - 6pm,Anything related to UX designs and cool ideas,ux & design
6731178091,Female,Yes,"Mondays, Tuesdays, Wednesdays, Thursdays, Fridays","12pm - 2pm, 2pm - 4pm, 4pm - 6pm",Anything related to UX designs and cool ideas,I'm indifferent,I'm indifferent,"I don't know, haven't been here long enough to complain",2024-05-28,2024,5,May,5,2024-05-28,Thursdays,12pm - 2pm,Anything related to UX designs and cool ideas,ux & design
6731178091,Female,Yes,"Mondays, Tuesdays, Wednesdays, Thursdays, Fridays","12pm - 2pm, 2pm - 4pm, 4pm - 6pm",Anything related to UX designs and cool ideas,I'm indifferent,I'm indifferent,"I don't know, haven't been here long enough to complain",2024-05-28,2024,5,May,5,2024-05-28,Thursdays,2pm - 4pm,Anything related to UX designs and cool ideas,ux & design
6731178091,Female,Yes,"Mondays, Tuesdays, Wednesdays, Thursdays, Fridays","12pm - 2pm, 2pm - 4pm, 4pm - 6pm",Anything related to UX designs and cool ideas,I'm indifferent,I'm indifferent,"I don't know, haven't been here long enough to complain",2024-05-28,2024,5,May,5,2024-05-28,Thursdays,4pm - 6pm,Anything related to UX designs and cool ideas,ux & design
6731178091,Female,Yes,"Mondays, Tuesdays, Wednesdays, Thursdays, Fridays","12pm - 2pm, 2pm - 4pm, 4pm - 6pm",Anything related to UX designs and cool ideas,I'm indifferent,I'm indifferent,"I don't know, haven't been here long enough to complain",2024-05-28,2024,5,May,5,2024-05-28,Fridays,12pm - 2pm,Anything related to UX designs and cool ideas,ux & design
6731178091,Female,Yes,"Mondays, Tuesdays, Wednesdays, Thursdays, Fridays","12pm - 2pm, 2pm - 4pm, 4pm - 6pm",Anything related to UX designs and cool ideas,I'm indifferent,I'm indifferent,"I don't know, haven't been here long enough to complain",2024-05-28,2024,5,May,5,2024-05-28,Fridays,2pm - 4pm,Anything related to UX designs and cool ideas,ux & design
6731178091,Female,Yes,"Mondays, Tuesdays, Wednesdays, Thursdays, Fridays","12pm - 2pm, 2pm - 4pm, 4pm - 6pm",Anything related to UX designs and cool ideas,I'm indifferent,I'm indifferent,"I don't know, haven't been here long enough to complain",2024-05-28,2024,5,May,5,2024-05-28,Fridays,4pm - 6pm,Anything related to UX designs and cool ideas,ux & design
6784626194,Male,No,Mondays,2pm - 4pm,Business development,Yes,Yes,Everything was set. I enjoyed it .,2024-06-06,2024,6,June,6,2024-06-06,Mondays,2pm - 4pm,Business development,business
6785305423,Male,Yes,Thursdays,4pm - 6pm,Business,No,Yes,Hi,2024-06-06,2024,6,June,7,2024-06-06,Thursdays,4pm - 6pm,Business,business
6785342471,Male,Yes,"Tuesdays, Wednesdays, Thursdays","4pm - 6pm, 6pm - 8pm",Tech AI Marketing Business Development,I'm indifferent,I'm indifferent,It’s good for the moment!,2024-06-06,2024,6,June,8,2024-06-06,Tuesdays,4pm - 6pm,Tech AI Marketing Business Development,tech
6785342471,Male,Yes,"Tuesdays, Wednesdays, Thursdays","4pm - 6pm, 6pm - 8pm",Tech AI Marketing Business Development,I'm indifferent,I'm indifferent,It’s good for the moment!,2024-06-06,2024,6,June,8,2024-06-06,Tuesdays,6pm - 8pm,Tech AI Marketing Business Development,tech
6785342471,Male,Yes,"Tuesdays, Wednesdays, Thursdays","4pm - 6pm, 6pm - 8pm",Tech AI Marketing Business Development,I'm indifferent,I'm indifferent,It’s good for the moment!,2024-06-06,2024,6,June,8,2024-06-06,Wednesdays,4pm - 6pm,Tech AI Marketing Business Development,tech
6785342471,Male,Yes,"Tuesdays, Wednesdays, Thursdays","4pm - 6pm, 6pm - 8pm",Tech AI Marketing Business Development,I'm indifferent,I'm indifferent,It’s good for the moment!,2024-06-06,2024,6,June,8,2024-06-06,Wednesdays,6pm - 8pm,Tech AI Marketing Business Development,tech
6785342471,Male,Yes,"Tuesdays, Wednesdays, Thursdays","4pm - 6pm, 6pm - 8pm",Tech AI Marketing Business Development,I'm indifferent,I'm indifferent,It’s good for the moment!,2024-06-06,2024,6,June,8,2024-06-06,Thursdays,4pm - 6pm,Tech AI Marketing Business Development,tech
6785342471,Male,Yes,"Tuesdays, Wednesdays, Thursdays","4pm - 6pm, 6pm - 8pm",Tech AI Marketing Business Development,I'm indifferent,I'm indifferent,It’s good for the moment!,2024-06-06,2024,6,June,8,2024-06-06,Thursdays,6pm - 8pm,Tech AI Marketing Business Development,tech
6785453123,Female,No,"Tuesdays, Mondays, Wednesdays, Thursdays, Fridays, Saturdays, Sundays","9am - 12pm, 2pm - 4pm, 12pm - 2pm, 4pm - 6pm, 6pm - 8pm",Matching companies and people who has required expertise,No,Yes,"Give everyone a small name tag and their idea tag so that people can approach to the right person to talk further, currently we have to remember by mind during their one minute introduce ",2024-06-06,2024,6,June,9,2024-06-06,Tuesdays,9am - 12pm,Matching companies and people who has required expertise,networking
6785453123,Female,No,"Tuesdays, Mondays, Wednesdays, Thursdays, Fridays, Saturdays, Sundays","9am - 12pm, 2pm - 4pm, 12pm - 2pm, 4pm - 6pm, 6pm - 8pm",Matching companies and people who has required expertise,No,Yes,"Give everyone a small name tag and their idea tag so that people can approach to the right person to talk further, currently we have to remember by mind during their one minute introduce ",2024-06-06,2024,6,June,9,2024-06-06,Tuesdays,2pm - 4pm,Matching companies and people who has required expertise,networking
6785453123,Female,No,"Tuesdays, Mondays, Wednesdays, Thursdays, Fridays, Saturdays, Sundays","9am - 12pm, 2pm - 4pm, 12pm - 2pm, 4pm - 6pm, 6pm - 8pm",Matching companies and people who has required expertise,No,Yes,"Give everyone a small name tag and their idea tag so that people can approach to the right person to talk further, currently we have to remember by mind during their one minute introduce ",2024-06-06,2024,6,June,9,2024-06-06,Tuesdays,12pm - 2pm,Matching companies and people who has required expertise,networking
6785453123,Female,No,"Tuesdays, Mondays, Wednesdays, Thursdays, Fridays, Saturdays, Sundays","9am - 12pm, 2pm - 4pm, 12pm - 2pm, 4pm - 6pm, 6pm - 8pm",Matching companies and people who has required expertise,No,Yes,"Give everyone a small name tag and their idea tag so that people can approach to the right person to talk further, currently we have to remember by mind during their one minute introduce ",2024-06-06,2024,6,June,9,2024-06-06,Tuesdays,4pm - 6pm,Matching companies and people who has required expertise,networking
6785453123,Female,No,"Tuesdays, Mondays, Wednesdays, Thursdays, Fridays, Saturdays, Sundays","9am - 12pm, 2pm - 4pm, 12pm - 2pm, 4pm - 6pm, 6pm - 8pm",Matching companies and people who has required expertise,No,Yes,"Give everyone a small name tag and their idea tag so that people can approach to the right person to talk further, currently we have to remember by mind during their one minute introduce ",2024-06-06,2024,6,June,9,2024-06-06,Tuesdays,6pm - 8pm,Matching companies and people who has required expertise,networking
6785453123,Female,No,"Tuesdays, Mondays, Wednesdays, Thursdays, Fridays, Saturdays, Sundays","9am - 12pm, 2pm - 4pm, 12pm - 2pm, 4pm - 6pm, 6pm - 8pm",Matching companies and people who has required expertise,No,Yes,"Give everyone a small name tag and their idea tag so that people can approach to the right person to talk further, currently we have to remember by mind during their one minute introduce ",2024-06-06,2024,6,June,9,2024-06-06,Mondays,9am - 12pm,Matching companies and people who has required expertise,networking
6785453123,Female,No,"Tuesdays, Mondays, Wednesdays, Thursdays, Fridays, Saturdays, Sundays","9am - 12pm, 2pm - 4pm, 12pm - 2pm, 4pm - 6pm, 6pm - 8pm",Matching companies and people who has required expertise,No,Yes,"Give everyone a small name tag and their idea tag so that people can approach to the right person to talk further, currently we have to remember by mind during their one minute introduce ",2024-06-06,2024,6,June,9,2024-06-06,Mondays,2pm - 4pm,Matching companies and people who has required expertise,networking
6785453123,Female,No,"Tuesdays, Mondays, Wednesdays, Thursdays, Fridays, Saturdays, Sundays","9am - 12pm, 2pm - 4pm, 12pm - 2pm, 4pm - 6pm, 6pm - 8pm",Matching companies and people who has required expertise,No,Yes,"Give everyone a small name tag and their idea tag so that people can approach to the right person to talk further, currently we have to remember by mind during their one minute introduce ",2024-06-06,2024,6,June,9,2024-06-06,Mondays,12pm - 2pm,Matching companies and people who has required expertise,networking
6785453123,Female,No,"Tuesdays, Mondays, Wednesdays, Thursdays, Fridays, Saturdays, Sundays","9am - 12pm, 2pm - 4pm, 12pm - 2pm, 4pm - 6pm, 6pm - 8pm",Matching companies and people who has required expertise,No,Yes,"Give everyone a small name tag and their idea tag so that people can approach to the right person to talk further, currently we have to remember by mind during their one minute introduce ",2024-06-06,2024,6,June,9,2024-06-06,Mondays,4pm - 6pm,Matching companies and people who has required expertise,networking
6785453123,Female,No,"Tuesdays, Mondays, Wednesdays, Thursdays, Fridays, Saturdays, Sundays","9am - 12pm, 2pm - 4pm, 12pm - 2pm, 4pm - 6pm, 6pm - 8pm",Matching companies and people who has required expertise,No,Yes,"Give everyone a small name tag and their idea tag so that people can approach to the right person to talk further, currently we have to remember by mind during their one minute introduce ",2024-06-06,2024,6,June,9,2024-06-06,Mondays,6pm - 8pm,Matching companies and people who has required expertise,networking
6785453123,Female,No,"Tuesdays, Mondays, Wednesdays, Thursdays, Fridays, Saturdays, Sundays","9am - 12pm, 2pm - 4pm, 12pm - 2pm, 4pm - 6pm, 6pm - 8pm",Matching companies and people who has required expertise,No,Yes,"Give everyone a small name tag and their idea tag so that people can approach to the right person to talk further, currently we have to remember by mind during their one minute introduce ",2024-06-06,2024,6,June,9,2024-06-06,Wednesdays,9am - 12pm,Matching companies and people who has required expertise,networking
6785453123,Female,No,"Tuesdays, Mondays, Wednesdays, Thursdays, Fridays, Saturdays, Sundays","9am - 12pm, 2pm - 4pm, 12pm - 2pm, 4pm - 6pm, 6pm - 8pm",Matching companies and people who has required expertise,No,Yes,"Give everyone a small name tag and their idea tag so that people can approach to the right person to talk further, currently we have to remember by mind during their one minute introduce ",2024-06-06,2024,6,June,9,2024-06-06,Wednesdays,2pm - 4pm,Matching companies and people who has required expertise,networking
6785453123,Female,No,"Tuesdays, Mondays, Wednesdays, Thursdays, Fridays, Saturdays, Sundays","9am - 12pm, 2pm - 4pm, 12pm - 2pm, 4pm - 6pm, 6pm - 8pm",Matching companies and people who has required expertise,No,Yes,"Give everyone a small name tag and their idea tag so that people can approach to the right person to talk further, currently we have to remember by mind during their one minute introduce ",2024-06-06,2024,6,June,9,2024-06-06,Wednesdays,12pm - 2pm,Matching companies and people who has required expertise,networking
6785453123,Female,No,"Tuesdays, Mondays, Wednesdays, Thursdays, Fridays, Saturdays, Sundays","9am - 12pm, 2pm - 4pm, 12pm - 2pm, 4pm - 6pm, 6pm - 8pm",Matching companies and people who has required expertise,No,Yes,"Give everyone a small name tag and their idea tag so that people can approach to the right person to talk further, currently we have to remember by mind during their one minute introduce ",2024-06-06,2024,6,June,9,2024-06-06,Wednesdays,4pm - 6pm,Matching companies and people who has required expertise,networking
6785453123,Female,No,"Tuesdays, Mondays, Wednesdays, Thursdays, Fridays, Saturdays, Sundays","9am - 12pm, 2pm - 4pm, 12pm - 2pm, 4pm - 6pm, 6pm - 8pm",Matching companies and people who has required expertise,No,Yes,"Give everyone a small name tag and their idea tag so that people can approach to the right person to talk further, currently we have to remember by mind during their one minute introduce ",2024-06-06,2024,6,June,9,2024-06-06,Wednesdays,6pm - 8pm,Matching companies and people who has required expertise,networking
6785453123,Female,No,"Tuesdays, Mondays, Wednesdays, Thursdays, Fridays, Saturdays, Sundays","9am - 12pm, 2pm - 4pm, 12pm - 2pm, 4pm - 6pm, 6pm - 8pm",Matching companies and people who has required expertise,No,Yes,"Give everyone a small name tag and their idea tag so that people can approach to the right person to talk further, currently we have to remember by mind during their one minute introduce ",2024-06-06,2024,6,June,9,2024-06-06,Thursdays,9am - 12pm,Matching companies and people who has required expertise,networking
6785453123,Female,No,"Tuesdays, Mondays, Wednesdays, Thursdays, Fridays, Saturdays, Sundays","9am - 12pm, 2pm - 4pm, 12pm - 2pm, 4pm - 6pm, 6pm - 8pm",Matching companies and people who has required expertise,No,Yes,"Give everyone a small name tag and their idea tag so that people can approach to the right person to talk further, currently we have to remember by mind during their one minute introduce ",2024-06-06,2024,6,June,9,2024-06-06,Thursdays,2pm - 4pm,Matching companies and people who has required expertise,networking
6785453123,Female,No,"Tuesdays, Mondays, Wednesdays, Thursdays, Fridays, Saturdays, Sundays","9am - 12pm, 2pm - 4pm, 12pm - 2pm, 4pm - 6pm, 6pm - 8pm",Matching companies and people who has required expertise,No,Yes,"Give everyone a small name tag and their idea tag so that people can approach to the right person to talk further, currently we have to remember by mind during their one minute introduce ",2024-06-06,2024,6,June,9,2024-06-06,Thursdays,12pm - 2pm,Matching companies and people who has required expertise,networking
6785453123,Female,No,"Tuesdays, Mondays, Wednesdays, Thursdays, Fridays, Saturdays, Sundays","9am - 12pm, 2pm - 4pm, 12pm - 2pm, 4pm - 6pm, 6pm - 8pm",Matching companies and people who has required expertise,No,Yes,"Give everyone a small name tag and their idea tag so that people can approach to the right person to talk further, currently we have to remember by mind during their one minute introduce ",2024-06-06,2024,6,June,9,2024-06-06,Thursdays,4pm - 6pm,Matching companies and people who has required expertise,networking
6785453123,Female,No,"Tuesdays, Mondays, Wednesdays, Thursdays, Fridays, Saturdays, Sundays","9am - 12pm, 2pm - 4pm, 12pm - 2pm, 4pm - 6pm, 6pm - 8pm",Matching companies and people who has required expertise,No,Yes,"Give everyone a small name tag and their idea tag so that people can approach to the right person to talk further, currently we have to remember by mind during their one minute introduce ",2024-06-06,2024,6,June,9,2024-06-06,Thursdays,6pm - 8pm,Matching companies and people who has required expertise,networking
6785453123,Female,No,"Tuesdays, Mondays, Wednesdays, Thursdays, Fridays, Saturdays, Sundays","9am - 12pm, 2pm - 4pm, 12pm - 2pm, 4pm - 6pm, 6pm - 8pm",Matching companies and people who has required expertise,No,Yes,"Give everyone a small name tag and their idea tag so that people can approach to the right person to talk further, currently we have to remember by mind during their one minute introduce ",2024-06-06,2024,6,June,9,2024-06-06,Fridays,9am - 12pm,Matching companies and people who has required expertise,networking
6785453123,Female,No,"Tuesdays, Mondays, Wednesdays, Thursdays, Fridays, Saturdays, Sundays","9am - 12pm, 2pm - 4pm, 12pm - 2pm, 4pm - 6pm, 6pm - 8pm",Matching companies and people who has required expertise,No,Yes,"Give everyone a small name tag and their idea tag so that people can approach to the right person to talk further, currently we have to remember by mind during their one minute introduce ",2024-06-06,2024,6,June,9,2024-06-06,Fridays,2pm - 4pm,Matching companies and people who has required expertise,networking
6785453123,Female,No,"Tuesdays, Mondays, Wednesdays, Thursdays, Fridays, Saturdays, Sundays","9am - 12pm, 2pm - 4pm, 12pm - 2pm, 4pm - 6pm, 6pm - 8pm",Matching companies and people who has required expertise,No,Yes,"Give everyone a small name tag and their idea tag so that people can approach to the right person to talk further, currently we have to remember by mind during their one minute introduce ",2024-06-06,2024,6,June,9,2024-06-06,Fridays,12pm - 2pm,Matching companies and people who has required expertise,networking
6785453123,Female,No,"Tuesdays, Mondays, Wednesdays, Thursdays, Fridays, Saturdays, Sundays","9am - 12pm, 2pm - 4pm, 12pm - 2pm, 4pm - 6pm, 6pm - 8pm",Matching companies and people who has required expertise,No,Yes,"Give everyone a small name tag and their idea tag so that people can approach to the right person to talk further, currently we have to remember by mind during their one minute introduce ",2024-06-06,2024,6,June,9,2024-06-06,Fridays,4pm - 6pm,Matching companies and people who has required expertise,networking
6785453123,Female,No,"Tuesdays, Mondays, Wednesdays, Thursdays, Fridays, Saturdays, Sundays","9am - 12pm, 2pm - 4pm, 12pm - 2pm, 4pm - 6pm, 6pm - 8pm",Matching companies and people who has required expertise,No,Yes,"Give everyone a small name tag and their idea tag so that people can approach to the right person to talk further, currently we have to remember by mind during their one minute introduce ",2024-06-06,2024,6,June,9,2024-06-06,Fridays,6pm - 8pm,Matching companies and people who has required expertise,networking
6785453123,Female,No,"Tuesdays, Mondays, Wednesdays, Thursdays, Fridays, Saturdays, Sundays","9am - 12pm, 2pm - 4pm, 12pm - 2pm, 4pm - 6pm, 6pm - 8pm",Matching companies and people who has required expertise,No,Yes,"Give everyone a small name tag and their idea tag so that people can approach to the right person to talk further, currently we have to remember by mind during their one minute introduce ",2024-06-06,2024,6,June,9,2024-06-06,Saturdays,9am - 12pm,Matching companies and people who has required expertise,networking
6785453123,Female,No,"Tuesdays, Mondays, Wednesdays, Thursdays, Fridays, Saturdays, Sundays","9am - 12pm, 2pm - 4pm, 12pm - 2pm, 4pm - 6pm, 6pm - 8pm",Matching companies and people who has required expertise,No,Yes,"Give everyone a small name tag and their idea tag so that people can approach to the right person to talk further, currently we have to remember by mind during their one minute introduce ",2024-06-06,2024,6,June,9,2024-06-06,Saturdays,2pm - 4pm,Matching companies and people who has required expertise,networking
6785453123,Female,No,"Tuesdays, Mondays, Wednesdays, Thursdays, Fridays, Saturdays, Sundays","9am - 12pm, 2pm - 4pm, 12pm - 2pm, 4pm - 6pm, 6pm - 8pm",Matching companies and people who has required expertise,No,Yes,"Give everyone a small name tag and their idea tag so that people can approach to the right person to talk further, currently we have to remember by mind during their one minute introduce ",2024-06-06,2024,6,June,9,2024-06-06,Saturdays,12pm - 2pm,Matching companies and people who has required expertise,networking
6785453123,Female,No,"Tuesdays, Mondays, Wednesdays, Thursdays, Fridays, Saturdays, Sundays","9am - 12pm, 2pm - 4pm, 12pm - 2pm, 4pm - 6pm, 6pm - 8pm",Matching companies and people who has required expertise,No,Yes,"Give everyone a small name tag and their idea tag so that people can approach to the right person to talk further, currently we have to remember by mind during their one minute introduce ",2024-06-06,2024,6,June,9,2024-06-06,Saturdays,4pm - 6pm,Matching companies and people who has required expertise,networking
6785453123,Female,No,"Tuesdays, Mondays, Wednesdays, Thursdays, Fridays, Saturdays, Sundays","9am - 12pm, 2pm - 4pm, 12pm - 2pm, 4pm - 6pm, 6pm - 8pm",Matching companies and people who has required expertise,No,Yes,"Give everyone a small name tag and their idea tag so that people can approach to the right person to talk further, currently we have to remember by mind during their one minute introduce ",2024-06-06,2024,6,June,9,2024-06-06,Saturdays,6pm - 8pm,Matching companies and people who has required expertise,networking
6785453123,Female,No,"Tuesdays, Mondays, Wednesdays, Thursdays, Fridays, Saturdays, Sundays","9am - 12pm, 2pm - 4pm, 12pm - 2pm, 4pm - 6pm, 6pm - 8pm",Matching companies and people who has required expertise,No,Yes,"Give everyone a small name tag and their idea tag so that people can approach to the right person to talk further, currently we have to remember by mind during their one minute introduce ",2024-06-06,2024,6,June,9,2024-06-06,Sundays,9am - 12pm,Matching companies and people who has required expertise,networking
6785453123,Female,No,"Tuesdays, Mondays, Wednesdays, Thursdays, Fridays, Saturdays, Sundays","9am - 12pm, 2pm - 4pm, 12pm - 2pm, 4pm - 6pm, 6pm - 8pm",Matching companies and people who has required expertise,No,Yes,"Give everyone a small name tag and their idea tag so that people can approach to the right person to talk further, currently we have to remember by mind during their one minute introduce ",2024-06-06,2024,6,June,9,2024-06-06,Sundays,2pm - 4pm,Matching companies and people who has required expertise,networking
6785453123,Female,No,"Tuesdays, Mondays, Wednesdays, Thursdays, Fridays, Saturdays, Sundays","9am - 12pm, 2pm - 4pm, 12pm - 2pm, 4pm - 6pm, 6pm - 8pm",Matching companies and people who has required expertise,No,Yes,"Give everyone a small name tag and their idea tag so that people can approach to the right person to talk further, currently we have to remember by mind during their one minute introduce ",2024-06-06,2024,6,June,9,2024-06-06,Sundays,12pm - 2pm,Matching companies and people who has required expertise,networking
6785453123,Female,No,"Tuesdays, Mondays, Wednesdays, Thursdays, Fridays, Saturdays, Sundays","9am - 12pm, 2pm - 4pm, 12pm - 2pm, 4pm - 6pm, 6pm - 8pm",Matching companies and people who has required expertise,No,Yes,"Give everyone a small name tag and their idea tag so that people can approach to the right person to talk further, currently we have to remember by mind during their one minute introduce ",2024-06-06,2024,6,June,9,2024-06-06,Sundays,4pm - 6pm,Matching companies and people who has required expertise,networking
6785453123,Female,No,"Tuesdays, Mondays, Wednesdays, Thursdays, Fridays, Saturdays, Sundays","9am - 12pm, 2pm - 4pm, 12pm - 2pm, 4pm - 6pm, 6pm - 8pm",Matching companies and people who has required expertise,No,Yes,"Give everyone a small name tag and their idea tag so that people can approach to the right person to talk further, currently we have to remember by mind during their one minute introduce ",2024-06-06,2024,6,June,9,2024-06-06,Sundays,6pm - 8pm,Matching companies and people who has required expertise,networking
6785480613,Male,Yes,Fridays,4pm - 6pm,Business ideas,Yes,Yes,It’s good ,2024-06-06,2024,6,June,10,2024-06-06,Fridays,4pm - 6pm,Business ideas,business
6785515166,Male,No,"Thursdays, Wednesdays, Tuesdays",4pm - 6pm,Entrepreneurship,No,No,…,2024-06-06,2024,6,June,11,2024-06-06,Thursdays,4pm - 6pm,Entrepreneurship,startup & entrepreneurship
6785515166,Male,No,"Thursdays, Wednesdays, Tuesdays",4pm - 6pm,Entrepreneurship,No,No,…,2024-06-06,2024,6,June,11,2024-06-06,Wednesdays,4pm - 6pm,Entrepreneurship,startup & entrepreneurship
6785515166,Male,No,"Thursdays, Wednesdays, Tuesdays",4pm - 6pm,Entrepreneurship,No,No,…,2024-06-06,2024,6,June,11,2024-06-06,Tuesdays,4pm - 6pm,Entrepreneurship,startup & entrepreneurship
6785524973,Male,Yes,Wednesdays,12pm - 2pm,Anything,No,Yes,Not any improvements,2024-06-06,2024,6,June,12,2024-06-06,Wednesdays,12pm - 2pm,Anything,ux & design
6785529114,Male,Yes,Wednesdays,12pm - 2pm,Business,No,I'm indifferent,More engangement,2024-06-06,2024,6,June,13,2024-06-06,Wednesdays,12pm - 2pm,Business,business
6785720449,Male,Yes,"Thursdays, Wednesdays, Tuesdays","4pm - 6pm, 2pm - 4pm, 6pm - 8pm","Funding, partnership",I'm indifferent,Yes,Ability to selectively push event details to my calendar with a single click,2024-06-06,2024,6,June,14,2024-06-06,Thursdays,4pm - 6pm,Funding,finance & legal
6785720449,Male,Yes,"Thursdays, Wednesdays, Tuesdays","4pm - 6pm, 2pm - 4pm, 6pm - 8pm","Funding, partnership",I'm indifferent,Yes,Ability to selectively push event details to my calendar with a single click,2024-06-06,2024,6,June,14,2024-06-06,Thursdays,4pm - 6pm, partnership,startup & entrepreneurship
6785720449,Male,Yes,"Thursdays, Wednesdays, Tuesdays","4pm - 6pm, 2pm - 4pm, 6pm - 8pm","Funding, partnership",I'm indifferent,Yes,Ability to selectively push event details to my calendar with a single click,2024-06-06,2024,6,June,14,2024-06-06,Thursdays,2pm - 4pm,Funding,finance & legal
6785720449,Male,Yes,"Thursdays, Wednesdays, Tuesdays","4pm - 6pm, 2pm - 4pm, 6pm - 8pm","Funding, partnership",I'm indifferent,Yes,Ability to selectively push event details to my calendar with a single click,2024-06-06,2024,6,June,14,2024-06-06,Thursdays,2pm - 4pm, partnership,startup & entrepreneurship
6785720449,Male,Yes,"Thursdays, Wednesdays, Tuesdays","4pm - 6pm, 2pm - 4pm, 6pm - 8pm","Funding, partnership",I'm indifferent,Yes,Ability to selectively push event details to my calendar with a single click,2024-06-06,2024,6,June,14,2024-06-06,Thursdays,6pm - 8pm,Funding,finance & legal
6785720449,Male,Yes,"Thursdays, Wednesdays, Tuesdays","4pm - 6pm, 2pm - 4pm, 6pm - 8pm","Funding, partnership",I'm indifferent,Yes,Ability to selectively push event details to my calendar with a single click,2024-06-06,2024,6,June,14,2024-06-06,Thursdays,6pm - 8pm, partnership,startup & entrepreneurship
6785720449,Male,Yes,"Thursdays, Wednesdays, Tuesdays","4pm - 6pm, 2pm - 4pm, 6pm - 8pm","Funding, partnership",I'm indifferent,Yes,Ability to selectively push event details to my calendar with a single click,2024-06-06,2024,6,June,14,2024-06-06,Wednesdays,4pm - 6pm,Funding,finance & legal
6785720449,Male,Yes,"Thursdays, Wednesdays, Tuesdays","4pm - 6pm, 2pm - 4pm, 6pm - 8pm","Funding, partnership",I'm indifferent,Yes,Ability to selectively push event details to my calendar with a single click,2024-06-06,2024,6,June,14,2024-06-06,Wednesdays,4pm - 6pm, partnership,startup & entrepreneurship
6785720449,Male,Yes,"Thursdays, Wednesdays, Tuesdays","4pm - 6pm, 2pm - 4pm, 6pm - 8pm","Funding, partnership",I'm indifferent,Yes,Ability to selectively push event details to my calendar with a single click,2024-06-06,2024,6,June,14,2024-06-06,Wednesdays,2pm - 4pm,Funding,finance & legal
6785720449,Male,Yes,"Thursdays, Wednesdays, Tuesdays","4pm - 6pm, 2pm - 4pm, 6pm - 8pm","Funding, partnership",I'm indifferent,Yes,Ability to selectively push event details to my calendar with a single click,2024-06-06,2024,6,June,14,2024-06-06,Wednesdays,2pm - 4pm, partnership,startup & entrepreneurship
6785720449,Male,Yes,"Thursdays, Wednesdays, Tuesdays","4pm - 6pm, 2pm - 4pm, 6pm - 8pm","Funding, partnership",I'm indifferent,Yes,Ability to selectively push event details to my calendar with a single click,2024-06-06,2024,6,June,14,2024-06-06,Wednesdays,6pm - 8pm,Funding,finance & legal
6785720449,Male,Yes,"Thursdays, Wednesdays, Tuesdays","4pm - 6pm, 2pm - 4pm, 6pm - 8pm","Funding, partnership",I'm indifferent,Yes,Ability to selectively push event details to my calendar with a single click,2024-06-06,2024,6,June,14,2024-06-06,Wednesdays,6pm - 8pm, partnership,startup & entrepreneurship
6785720449,Male,Yes,"Thursdays, Wednesdays, Tuesdays","4pm - 6pm, 2pm - 4pm, 6pm - 8pm","Funding, partnership",I'm indifferent,Yes,Ability to selectively push event details to my calendar with a single click,2024-06-06,2024,6,June,14,2024-06-06,Tuesdays,4pm - 6pm,Funding,finance & legal
6785720449,Male,Yes,"Thursdays, Wednesdays, Tuesdays","4pm - 6pm, 2pm - 4pm, 6pm - 8pm","Funding, partnership",I'm indifferent,Yes,Ability to selectively push event details to my calendar with a single click,2024-06-06,2024,6,June,14,2024-06-06,Tuesdays,4pm - 6pm, partnership,startup & entrepreneurship
6785720449,Male,Yes,"Thursdays, Wednesdays, Tuesdays","4pm - 6pm, 2pm - 4pm, 6pm - 8pm","Funding, partnership",I'm indifferent,Yes,Ability to selectively push event details to my calendar with a single click,2024-06-06,2024,6,June,14,2024-06-06,Tuesdays,2pm - 4pm,Funding,finance & legal
6785720449,Male,Yes,"Thursdays, Wednesdays, Tuesdays","4pm - 6pm, 2pm - 4pm, 6pm - 8pm","Funding, partnership",I'm indifferent,Yes,Ability to selectively push event details to my calendar with a single click,2024-06-06,2024,6,June,14,2024-06-06,Tuesdays,2pm - 4pm, partnership,startup & entrepreneurship
6785720449,Male,Yes,"Thursdays, Wednesdays, Tuesdays","4pm - 6pm, 2pm - 4pm, 6pm - 8pm","Funding, partnership",I'm indifferent,Yes,Ability to selectively push event details to my calendar with a single click,2024-06-06,2024,6,June,14,2024-06-06,Tuesdays,6pm - 8pm,Funding,finance & legal
6785720449,Male,Yes,"Thursdays, Wednesdays, Tuesdays","4pm - 6pm, 2pm - 4pm, 6pm - 8pm","Funding, partnership",I'm indifferent,Yes,Ability to selectively push event details to my calendar with a single click,2024-06-06,2024,6,June,14,2024-06-06,Tuesdays,6pm - 8pm, partnership,startup & entrepreneurship
7270692924,Male,No,"Tuesdays, Wednesdays, Thursdays",6pm - 8pm,Software related,No,I'm indifferent,I don’t know ,2024-08-21,2024,8,August,15,2024-08-21,Tuesdays,6pm - 8pm,Software related,tech
7270692924,Male,No,"Tuesdays, Wednesdays, Thursdays",6pm - 8pm,Software related,No,I'm indifferent,I don’t know ,2024-08-21,2024,8,August,15,2024-08-21,Wednesdays,6pm - 8pm,Software related,tech
7270692924,Male,No,"Tuesdays, Wednesdays, Thursdays",6pm - 8pm,Software related,No,I'm indifferent,I don’t know ,2024-08-21,2024,8,August,15,2024-08-21,Thursdays,6pm - 8pm,Software related,tech
7305850247,Female,Yes,Thursdays,2pm - 4pm,"Entrepreneurship, invoicing, startup life",Yes,Yes,"Female entrepreneur, young entrepreneur, easy funding applications events. Keep up the great work! ",2024-08-27,2024,8,August,16,2024-08-27,Thursdays,2pm - 4pm,Entrepreneurship,startup & entrepreneurship
7305850247,Female,Yes,Thursdays,2pm - 4pm,"Entrepreneurship, invoicing, startup life",Yes,Yes,"Female entrepreneur, young entrepreneur, easy funding applications events. Keep up the great work! ",2024-08-27,2024,8,August,16,2024-08-27,Thursdays,2pm - 4pm, invoicing,finance & legal
7305850247,Female,Yes,Thursdays,2pm - 4pm,"Entrepreneurship, invoicing, startup life",Yes,Yes,"Female entrepreneur, young entrepreneur, easy funding applications events. Keep up the great work! ",2024-08-27,2024,8,August,16,2024-08-27,Thursdays,2pm - 4pm, startup life,startup & entrepreneurship
7415643697,Male,Yes,Mondays,9am - 12pm,Start ip,No,Yes,Is good ,2024-09-12,2024,9,September,17,2024-09-12,Mondays,9am - 12pm,Start ip,startup & entrepreneurship
7415653430,Male,No,Tuesdays,9am - 12pm,"Startups, Entrepreneurs",No,Yes,Quick intro of tribe Tampere ,2024-09-12,2024,9,September,18,2024-09-12,Tuesdays,9am - 12pm,Startups,startup & entrepreneurship
7415653430,Male,No,Tuesdays,9am - 12pm,"Startups, Entrepreneurs",No,Yes,Quick intro of tribe Tampere ,2024-09-12,2024,9,September,18,2024-09-12,Tuesdays,9am - 12pm, Entrepreneurs,startup & entrepreneurship
7415669984,Male,No,Fridays,9am - 12pm,Beginig of startup,I'm indifferent,I'm indifferent,Everything looks grate ,2024-09-12,2024,9,September,19,2024-09-12,Fridays,9am - 12pm,Beginig of startup,startup & entrepreneurship
7415673883,Male,Yes,Thursdays,9am - 12pm,Knowledge exchanges and networking,Yes,Yes,Nothing in mind at the moment,2024-09-12,2024,9,September,20,2024-09-12,Thursdays,9am - 12pm,Knowledge exchanges and networking,networking
7415708489,Male,Yes,"Fridays, Saturdays",4pm - 6pm,startup creation stories,I'm indifferent,I'm indifferent,More advertisement,2024-09-12,2024,9,September,21,2024-09-12,Fridays,4pm - 6pm,startup creation stories,startup & entrepreneurship
7415708489,Male,Yes,"Fridays, Saturdays",4pm - 6pm,startup creation stories,I'm indifferent,I'm indifferent,More advertisement,2024-09-12,2024,9,September,21,2024-09-12,Saturdays,4pm - 6pm,startup creation stories,startup & entrepreneurship
7415716921,Female,Yes,Thursdays,4pm - 6pm,Networking,Yes,Yes,.,2024-09-12,2024,9,September,22,2024-09-12,Thursdays,4pm - 6pm,Networking,networking
7416480639,Female,Yes,Thursdays,12pm - 2pm,Technology,Yes,Yes,-,2024-09-12,2024,9,September,23,2024-09-12,Thursdays,12pm - 2pm,Technology,tech
7419107040,Male,No,"Wednesdays, Thursdays",4pm - 6pm,"Entrepreneurship journey, lessons learned, success stories, how to start",No,Yes,Nothing for now,2024-09-12,2024,9,September,24,2024-09-12,Wednesdays,4pm - 6pm,Entrepreneurship journey,startup & entrepreneurship
7419107040,Male,No,"Wednesdays, Thursdays",4pm - 6pm,"Entrepreneurship journey, lessons learned, success stories, how to start",No,Yes,Nothing for now,2024-09-12,2024,9,September,24,2024-09-12,Wednesdays,4pm - 6pm, lessons learned,startup & entrepreneurship
7419107040,Male,No,"Wednesdays, Thursdays",4pm - 6pm,"Entrepreneurship journey, lessons learned, success stories, how to start",No,Yes,Nothing for now,2024-09-12,2024,9,September,24,2024-09-12,Wednesdays,4pm - 6pm, success stories,startup & entrepreneurship
7419107040,Male,No,"Wednesdays, Thursdays",4pm - 6pm,"Entrepreneurship journey, lessons learned, success stories, how to start",No,Yes,Nothing for now,2024-09-12,2024,9,September,24,2024-09-12,Wednesdays,4pm - 6pm, how to start,startup & entrepreneurship
7419107040,Male,No,"Wednesdays, Thursdays",4pm - 6pm,"Entrepreneurship journey, lessons learned, success stories, how to start",No,Yes,Nothing for now,2024-09-12,2024,9,September,24,2024-09-12,Thursdays,4pm - 6pm,Entrepreneurship journey,startup & entrepreneurship
7419107040,Male,No,"Wednesdays, Thursdays",4pm - 6pm,"Entrepreneurship journey, lessons learned, success stories, how to start",No,Yes,Nothing for now,2024-09-12,2024,9,September,24,2024-09-12,Thursdays,4pm - 6pm, lessons learned,startup & entrepreneurship
7419107040,Male,No,"Wednesdays, Thursdays",4pm - 6pm,"Entrepreneurship journey, lessons learned, success stories, how to start",No,Yes,Nothing for now,2024-09-12,2024,9,September,24,2024-09-12,Thursdays,4pm - 6pm, success stories,startup & entrepreneurship
7419107040,Male,No,"Wednesdays, Thursdays",4pm - 6pm,"Entrepreneurship journey, lessons learned, success stories, how to start",No,Yes,Nothing for now,2024-09-12,2024,9,September,24,2024-09-12,Thursdays,4pm - 6pm, how to start,startup & entrepreneurship
7574451127,Male,Yes,Tuesdays,4pm - 6pm,"Rules and regulations as a employer/entrepreneur, funding",No,Yes,More workshop format instead of presentation,2024-09-17,2024,9,September,25,2024-09-17,Tuesdays,4pm - 6pm,Rules and regulations as a employer/entrepreneur,startup & entrepreneurship
7574451127,Male,Yes,Tuesdays,4pm - 6pm,"Rules and regulations as a employer/entrepreneur, funding",No,Yes,More workshop format instead of presentation,2024-09-17,2024,9,September,25,2024-09-17,Tuesdays,4pm - 6pm, funding,finance & legal
7574452983,Male,Yes,"Mondays, Tuesdays, Wednesdays, Thursdays, Fridays",4pm - 6pm,Start_up related,Yes,Yes,More community focused,2024-09-17,2024,9,September,26,2024-09-17,Mondays,4pm - 6pm,Start_up related,startup & entrepreneurship
7574452983,Male,Yes,"Mondays, Tuesdays, Wednesdays, Thursdays, Fridays",4pm - 6pm,Start_up related,Yes,Yes,More community focused,2024-09-17,2024,9,September,26,2024-09-17,Tuesdays,4pm - 6pm,Start_up related,startup & entrepreneurship
7574452983,Male,Yes,"Mondays, Tuesdays, Wednesdays, Thursdays, Fridays",4pm - 6pm,Start_up related,Yes,Yes,More community focused,2024-09-17,2024,9,September,26,2024-09-17,Wednesdays,4pm - 6pm,Start_up related,startup & entrepreneurship
7574452983,Male,Yes,"Mondays, Tuesdays, Wednesdays, Thursdays, Fridays",4pm - 6pm,Start_up related,Yes,Yes,More community focused,2024-09-17,2024,9,September,26,2024-09-17,Thursdays,4pm - 6pm,Start_up related,startup & entrepreneurship
7574452983,Male,Yes,"Mondays, Tuesdays, Wednesdays, Thursdays, Fridays",4pm - 6pm,Start_up related,Yes,Yes,More community focused,2024-09-17,2024,9,September,26,2024-09-17,Fridays,4pm - 6pm,Start_up related,startup & entrepreneurship
7574456170,Female,Yes,"Tuesdays, Thursdays, Saturdays","2pm - 4pm, 4pm - 6pm, 6pm - 8pm","Experienced speakers, business theories and models, trends",Yes,I'm indifferent,"Cross_marketing, advertise in advance",2024-09-17,2024,9,September,27,2024-09-17,Tuesdays,2pm - 4pm,Experienced speakers,ux & design
7574456170,Female,Yes,"Tuesdays, Thursdays, Saturdays","2pm - 4pm, 4pm - 6pm, 6pm - 8pm","Experienced speakers, business theories and models, trends",Yes,I'm indifferent,"Cross_marketing, advertise in advance",2024-09-17,2024,9,September,27,2024-09-17,Tuesdays,2pm - 4pm, business theories and models,business
7574456170,Female,Yes,"Tuesdays, Thursdays, Saturdays","2pm - 4pm, 4pm - 6pm, 6pm - 8pm","Experienced speakers, business theories and models, trends",Yes,I'm indifferent,"Cross_marketing, advertise in advance",2024-09-17,2024,9,September,27,2024-09-17,Tuesdays,2pm - 4pm, trends,uncategorized
7574456170,Female,Yes,"Tuesdays, Thursdays, Saturdays","2pm - 4pm, 4pm - 6pm, 6pm - 8pm","Experienced speakers, business theories and models, trends",Yes,I'm indifferent,"Cross_marketing, advertise in advance",2024-09-17,2024,9,September,27,2024-09-17,Tuesdays,4pm - 6pm,Experienced speakers,ux & design
7574456170,Female,Yes,"Tuesdays, Thursdays, Saturdays","2pm - 4pm, 4pm - 6pm, 6pm - 8pm","Experienced speakers, business theories and models, trends",Yes,I'm indifferent,"Cross_marketing, advertise in advance",2024-09-17,2024,9,September,27,2024-09-17,Tuesdays,4pm - 6pm, business theories and models,business
7574456170,Female,Yes,"Tuesdays, Thursdays, Saturdays","2pm - 4pm, 4pm - 6pm, 6pm - 8pm","Experienced speakers, business theories and models, trends",Yes,I'm indifferent,"Cross_marketing, advertise in advance",2024-09-17,2024,9,September,27,2024-09-17,Tuesdays,4pm - 6pm, trends,uncategorized
7574456170,Female,Yes,"Tuesdays, Thursdays, Saturdays","2pm - 4pm, 4pm - 6pm, 6pm - 8pm","Experienced speakers, business theories and models, trends",Yes,I'm indifferent,"Cross_marketing, advertise in advance",2024-09-17,2024,9,September,27,2024-09-17,Tuesdays,6pm - 8pm,Experienced speakers,ux & design
7574456170,Female,Yes,"Tuesdays, Thursdays, Saturdays","2pm - 4pm, 4pm - 6pm, 6pm - 8pm","Experienced speakers, business theories and models, trends",Yes,I'm indifferent,"Cross_marketing, advertise in advance",2024-09-17,2024,9,September,27,2024-09-17,Tuesdays,6pm - 8pm, business theories and models,business
7574456170,Female,Yes,"Tuesdays, Thursdays, Saturdays","2pm - 4pm, 4pm - 6pm, 6pm - 8pm","Experienced speakers, business theories and models, trends",Yes,I'm indifferent,"Cross_marketing, advertise in advance",2024-09-17,2024,9,September,27,2024-09-17,Tuesdays,6pm - 8pm, trends,uncategorized
7574456170,Female,Yes,"Tuesdays, Thursdays, Saturdays","2pm - 4pm, 4pm - 6pm, 6pm - 8pm","Experienced speakers, business theories and models, trends",Yes,I'm indifferent,"Cross_marketing, advertise in advance",2024-09-17,2024,9,September,27,2024-09-17,Thursdays,2pm - 4pm,Experienced speakers,ux & design
7574456170,Female,Yes,"Tuesdays, Thursdays, Saturdays","2pm - 4pm, 4pm - 6pm, 6pm - 8pm","Experienced speakers, business theories and models, trends",Yes,I'm indifferent,"Cross_marketing, advertise in advance",2024-09-17,2024,9,September,27,2024-09-17,Thursdays,2pm - 4pm, business theories and models,business
7574456170,Female,Yes,"Tuesdays, Thursdays, Saturdays","2pm - 4pm, 4pm - 6pm, 6pm - 8pm","Experienced speakers, business theories and models, trends",Yes,I'm indifferent,"Cross_marketing, advertise in advance",2024-09-17,2024,9,September,27,2024-09-17,Thursdays,2pm - 4pm, trends,uncategorized
7574456170,Female,Yes,"Tuesdays, Thursdays, Saturdays","2pm - 4pm, 4pm - 6pm, 6pm - 8pm","Experienced speakers, business theories and models, trends",Yes,I'm indifferent,"Cross_marketing, advertise in advance",2024-09-17,2024,9,September,27,2024-09-17,Thursdays,4pm - 6pm,Experienced speakers,ux & design
7574456170,Female,Yes,"Tuesdays, Thursdays, Saturdays","2pm - 4pm, 4pm - 6pm, 6pm - 8pm","Experienced speakers, business theories and models, trends",Yes,I'm indifferent,"Cross_marketing, advertise in advance",2024-09-17,2024,9,September,27,2024-09-17,Thursdays,4pm - 6pm, business theories and models,business
7574456170,Female,Yes,"Tuesdays, Thursdays, Saturdays","2pm - 4pm, 4pm - 6pm, 6pm - 8pm","Experienced speakers, business theories and models, trends",Yes,I'm indifferent,"Cross_marketing, advertise in advance",2024-09-17,2024,9,September,27,2024-09-17,Thursdays,4pm - 6pm, trends,uncategorized
7574456170,Female,Yes,"Tuesdays, Thursdays, Saturdays","2pm - 4pm, 4pm - 6pm, 6pm - 8pm","Experienced speakers, business theories and models, trends",Yes,I'm indifferent,"Cross_marketing, advertise in advance",2024-09-17,2024,9,September,27,2024-09-17,Thursdays,6pm - 8pm,Experienced speakers,ux & design
7574456170,Female,Yes,"Tuesdays, Thursdays, Saturdays","2pm - 4pm, 4pm - 6pm, 6pm - 8pm","Experienced speakers, business theories and models, trends",Yes,I'm indifferent,"Cross_marketing, advertise in advance",2024-09-17,2024,9,September,27,2024-09-17,Thursdays,6pm - 8pm, business theories and models,business
7574456170,Female,Yes,"Tuesdays, Thursdays, Saturdays","2pm - 4pm, 4pm - 6pm, 6pm - 8pm","Experienced speakers, business theories and models, trends",Yes,I'm indifferent,"Cross_marketing, advertise in advance",2024-09-17,2024,9,September,27,2024-09-17,Thursdays,6pm - 8pm, trends,uncategorized
7574456170,Female,Yes,"Tuesdays, Thursdays, Saturdays","2pm - 4pm, 4pm - 6pm, 6pm - 8pm","Experienced speakers, business theories and models, trends",Yes,I'm indifferent,"Cross_marketing, advertise in advance",2024-09-17,2024,9,September,27,2024-09-17,Saturdays,2pm - 4pm,Experienced speakers,ux & design
7574456170,Female,Yes,"Tuesdays, Thursdays, Saturdays","2pm - 4pm, 4pm - 6pm, 6pm - 8pm","Experienced speakers, business theories and models, trends",Yes,I'm indifferent,"Cross_marketing, advertise in advance",2024-09-17,2024,9,September,27,2024-09-17,Saturdays,2pm - 4pm, business theories and models,business
7574456170,Female,Yes,"Tuesdays, Thursdays, Saturdays","2pm - 4pm, 4pm - 6pm, 6pm - 8pm","Experienced speakers, business theories and models, trends",Yes,I'm indifferent,"Cross_marketing, advertise in advance",2024-09-17,2024,9,September,27,2024-09-17,Saturdays,2pm - 4pm, trends,uncategorized
7574456170,Female,Yes,"Tuesdays, Thursdays, Saturdays","2pm - 4pm, 4pm - 6pm, 6pm - 8pm","Experienced speakers, business theories and models, trends",Yes,I'm indifferent,"Cross_marketing, advertise in advance",2024-09-17,2024,9,September,27,2024-09-17,Saturdays,4pm - 6pm,Experienced speakers,ux & design
7574456170,Female,Yes,"Tuesdays, Thursdays, Saturdays","2pm - 4pm, 4pm - 6pm, 6pm - 8pm","Experienced speakers, business theories and models, trends",Yes,I'm indifferent,"Cross_marketing, advertise in advance",2024-09-17,2024,9,September,27,2024-09-17,Saturdays,4pm - 6pm, business theories and models,business
7574456170,Female,Yes,"Tuesdays, Thursdays, Saturdays","2pm - 4pm, 4pm - 6pm, 6pm - 8pm","Experienced speakers, business theories and models, trends",Yes,I'm indifferent,"Cross_marketing, advertise in advance",2024-09-17,2024,9,September,27,2024-09-17,Saturdays,4pm - 6pm, trends,uncategorized
7574456170,Female,Yes,"Tuesdays, Thursdays, Saturdays","2pm - 4pm, 4pm - 6pm, 6pm - 8pm","Experienced speakers, business theories and models, trends",Yes,I'm indifferent,"Cross_marketing, advertise in advance",2024-09-17,2024,9,September,27,2024-09-17,Saturdays,6pm - 8pm,Experienced speakers,ux & design
7574456170,Female,Yes,"Tuesdays, Thursdays, Saturdays","2pm - 4pm, 4pm - 6pm, 6pm - 8pm","Experienced speakers, business theories and models, trends",Yes,I'm indifferent,"Cross_marketing, advertise in advance",2024-09-17,2024,9,September,27,2024-09-17,Saturdays,6pm - 8pm, business theories and models,business
7574456170,Female,Yes,"Tuesdays, Thursdays, Saturdays","2pm - 4pm, 4pm - 6pm, 6pm - 8pm","Experienced speakers, business theories and models, trends",Yes,I'm indifferent,"Cross_marketing, advertise in advance",2024-09-17,2024,9,September,27,2024-09-17,Saturdays,6pm - 8pm, trends,uncategorized
7574458157,Male,Yes,Tuesdays,4pm - 6pm,Sales and personal growth,I'm indifferent,I'm indifferent,nil,2024-09-17,2024,9,September,28,2024-09-17,Tuesdays,4pm - 6pm,Sales and personal growth,marketing & sales
7574459758,Male,No,"Tuesdays, Wednesdays, Thursdays",4pm - 6pm,Networking,I'm indifferent,I'm indifferent,nil,2024-09-17,2024,9,September,29,2024-09-17,Tuesdays,4pm - 6pm,Networking,networking
7574459758,Male,No,"Tuesdays, Wednesdays, Thursdays",4pm - 6pm,Networking,I'm indifferent,I'm indifferent,nil,2024-09-17,2024,9,September,29,2024-09-17,Wednesdays,4pm - 6pm,Networking,networking
7574459758,Male,No,"Tuesdays, Wednesdays, Thursdays",4pm - 6pm,Networking,I'm indifferent,I'm indifferent,nil,2024-09-17,2024,9,September,29,2024-09-17,Thursdays,4pm - 6pm,Networking,networking
7574498432,Female,Yes,"Wednesdays, Thursdays, Fridays",4pm - 6pm,nil,Yes,Yes,nil,2024-09-17,2024,9,September,30,2024-09-17,Wednesdays,4pm - 6pm,nil,uncategorized
7574498432,Female,Yes,"Wednesdays, Thursdays, Fridays",4pm - 6pm,nil,Yes,Yes,nil,2024-09-17,2024,9,September,30,2024-09-17,Thursdays,4pm - 6pm,nil,uncategorized
7574498432,Female,Yes,"Wednesdays, Thursdays, Fridays",4pm - 6pm,nil,Yes,Yes,nil,2024-09-17,2024,9,September,30,2024-09-17,Fridays,4pm - 6pm,nil,uncategorized
7574499508,Male,Yes,"Thursdays, Fridays","2pm - 4pm, 4pm - 6pm, 6pm - 8pm","Networking, ICT",I'm indifferent,Yes,More networking events,2024-09-17,2024,9,September,31,2024-09-17,Thursdays,2pm - 4pm,Networking,networking
7574499508,Male,Yes,"Thursdays, Fridays","2pm - 4pm, 4pm - 6pm, 6pm - 8pm","Networking, ICT",I'm indifferent,Yes,More networking events,2024-09-17,2024,9,September,31,2024-09-17,Thursdays,2pm - 4pm, ICT,tech
7574499508,Male,Yes,"Thursdays, Fridays","2pm - 4pm, 4pm - 6pm, 6pm - 8pm","Networking, ICT",I'm indifferent,Yes,More networking events,2024-09-17,2024,9,September,31,2024-09-17,Thursdays,4pm - 6pm,Networking,networking
7574499508,Male,Yes,"Thursdays, Fridays","2pm - 4pm, 4pm - 6pm, 6pm - 8pm","Networking, ICT",I'm indifferent,Yes,More networking events,2024-09-17,2024,9,September,31,2024-09-17,Thursdays,4pm - 6pm, ICT,tech
7574499508,Male,Yes,"Thursdays, Fridays","2pm - 4pm, 4pm - 6pm, 6pm - 8pm","Networking, ICT",I'm indifferent,Yes,More networking events,2024-09-17,2024,9,September,31,2024-09-17,Thursdays,6pm - 8pm,Networking,networking
7574499508,Male,Yes,"Thursdays, Fridays","2pm - 4pm, 4pm - 6pm, 6pm - 8pm","Networking, ICT",I'm indifferent,Yes,More networking events,2024-09-17,2024,9,September,31,2024-09-17,Thursdays,6pm - 8pm, ICT,tech
7574499508,Male,Yes,"Thursdays, Fridays","2pm - 4pm, 4pm - 6pm, 6pm - 8pm","Networking, ICT",I'm indifferent,Yes,More networking events,2024-09-17,2024,9,September,31,2024-09-17,Fridays,2pm - 4pm,Networking,networking
7574499508,Male,Yes,"Thursdays, Fridays","2pm - 4pm, 4pm - 6pm, 6pm - 8pm","Networking, ICT",I'm indifferent,Yes,More networking events,2024-09-17,2024,9,September,31,2024-09-17,Fridays,2pm - 4pm, ICT,tech
7574499508,Male,Yes,"Thursdays, Fridays","2pm - 4pm, 4pm - 6pm, 6pm - 8pm","Networking, ICT",I'm indifferent,Yes,More networking events,2024-09-17,2024,9,September,31,2024-09-17,Fridays,4pm - 6pm,Networking,networking
7574499508,Male,Yes,"Thursdays, Fridays","2pm - 4pm, 4pm - 6pm, 6pm - 8pm","Networking, ICT",I'm indifferent,Yes,More networking events,2024-09-17,2024,9,September,31,2024-09-17,Fridays,4pm - 6pm, ICT,tech
7574499508,Male,Yes,"Thursdays, Fridays","2pm - 4pm, 4pm - 6pm, 6pm - 8pm","Networking, ICT",I'm indifferent,Yes,More networking events,2024-09-17,2024,9,September,31,2024-09-17,Fridays,6pm - 8pm,Networking,networking
7574499508,Male,Yes,"Thursdays, Fridays","2pm - 4pm, 4pm - 6pm, 6pm - 8pm","Networking, ICT",I'm indifferent,Yes,More networking events,2024-09-17,2024,9,September,31,2024-09-17,Fridays,6pm - 8pm, ICT,tech
7574500029,Male,Yes,Thursdays,4pm - 6pm,nil,I'm indifferent,I'm indifferent,nil,2024-09-17,2024,9,September,32,2024-09-17,Thursdays,4pm - 6pm,nil,uncategorized
7574500620,Male,Yes,Wednesdays,"2pm - 4pm, 4pm - 6pm",nil,Yes,Yes,nil,2024-09-17,2024,9,September,33,2024-09-17,Wednesdays,2pm - 4pm,nil,uncategorized
7574500620,Male,Yes,Wednesdays,"2pm - 4pm, 4pm - 6pm",nil,Yes,Yes,nil,2024-09-17,2024,9,September,33,2024-09-17,Wednesdays,4pm - 6pm,nil,uncategorized
7574502084,Male,Yes,"Tuesdays, Wednesdays, Thursdays","2pm - 4pm, 4pm - 6pm, 6pm - 8pm",nil,I'm indifferent,Yes,"less IT and AI, More eye on ground matters",2024-09-17,2024,9,September,34,2024-09-17,Tuesdays,2pm - 4pm,nil,uncategorized
7574502084,Male,Yes,"Tuesdays, Wednesdays, Thursdays","2pm - 4pm, 4pm - 6pm, 6pm - 8pm",nil,I'm indifferent,Yes,"less IT and AI, More eye on ground matters",2024-09-17,2024,9,September,34,2024-09-17,Tuesdays,4pm - 6pm,nil,uncategorized
7574502084,Male,Yes,"Tuesdays, Wednesdays, Thursdays","2pm - 4pm, 4pm - 6pm, 6pm - 8pm",nil,I'm indifferent,Yes,"less IT and AI, More eye on ground matters",2024-09-17,2024,9,September,34,2024-09-17,Tuesdays,6pm - 8pm,nil,uncategorized
7574502084,Male,Yes,"Tuesdays, Wednesdays, Thursdays","2pm - 4pm, 4pm - 6pm, 6pm - 8pm",nil,I'm indifferent,Yes,"less IT and AI, More eye on ground matters",2024-09-17,2024,9,September,34,2024-09-17,Wednesdays,2pm - 4pm,nil,uncategorized
7574502084,Male,Yes,"Tuesdays, Wednesdays, Thursdays","2pm - 4pm, 4pm - 6pm, 6pm - 8pm",nil,I'm indifferent,Yes,"less IT and AI, More eye on ground matters",2024-09-17,2024,9,September,34,2024-09-17,Wednesdays,4pm - 6pm,nil,uncategorized
7574502084,Male,Yes,"Tuesdays, Wednesdays, Thursdays","2pm - 4pm, 4pm - 6pm, 6pm - 8pm",nil,I'm indifferent,Yes,"less IT and AI, More eye on ground matters",2024-09-17,2024,9,September,34,2024-09-17,Wednesdays,6pm - 8pm,nil,uncategorized
7574502084,Male,Yes,"Tuesdays, Wednesdays, Thursdays","2pm - 4pm, 4pm - 6pm, 6pm - 8pm",nil,I'm indifferent,Yes,"less IT and AI, More eye on ground matters",2024-09-17,2024,9,September,34,2024-09-17,Thursdays,2pm - 4pm,nil,uncategorized
7574502084,Male,Yes,"Tuesdays, Wednesdays, Thursdays","2pm - 4pm, 4pm - 6pm, 6pm - 8pm",nil,I'm indifferent,Yes,"less IT and AI, More eye on ground matters",2024-09-17,2024,9,September,34,2024-09-17,Thursdays,4pm - 6pm,nil,uncategorized
7574502084,Male,Yes,"Tuesdays, Wednesdays, Thursdays","2pm - 4pm, 4pm - 6pm, 6pm - 8pm",nil,I'm indifferent,Yes,"less IT and AI, More eye on ground matters",2024-09-17,2024,9,September,34,2024-09-17,Thursdays,6pm - 8pm,nil,uncategorized
7574503701,Male,No,"Mondays, Tuesdays, Wednesdays, Fridays","4pm - 6pm, 6pm - 8pm","IT, AI, Tech, UX/Psychology based startups",Yes,Yes,nil,2024-09-26,2024,9,September,35,2024-09-26,Mondays,4pm - 6pm,IT,tech
7574503701,Male,No,"Mondays, Tuesdays, Wednesdays, Fridays","4pm - 6pm, 6pm - 8pm","IT, AI, Tech, UX/Psychology based startups",Yes,Yes,nil,2024-09-26,2024,9,September,35,2024-09-26,Mondays,4pm - 6pm, AI,tech
7574503701,Male,No,"Mondays, Tuesdays, Wednesdays, Fridays","4pm - 6pm, 6pm - 8pm","IT, AI, Tech, UX/Psychology based startups",Yes,Yes,nil,2024-09-26,2024,9,September,35,2024-09-26,Mondays,4pm - 6pm, Tech,tech
7574503701,Male,No,"Mondays, Tuesdays, Wednesdays, Fridays","4pm - 6pm, 6pm - 8pm","IT, AI, Tech, UX/Psychology based startups",Yes,Yes,nil,2024-09-26,2024,9,September,35,2024-09-26,Mondays,4pm - 6pm, UX/Psychology based startups,startup & entrepreneurship
7574503701,Male,No,"Mondays, Tuesdays, Wednesdays, Fridays","4pm - 6pm, 6pm - 8pm","IT, AI, Tech, UX/Psychology based startups",Yes,Yes,nil,2024-09-26,2024,9,September,35,2024-09-26,Mondays,6pm - 8pm,IT,tech
7574503701,Male,No,"Mondays, Tuesdays, Wednesdays, Fridays","4pm - 6pm, 6pm - 8pm","IT, AI, Tech, UX/Psychology based startups",Yes,Yes,nil,2024-09-26,2024,9,September,35,2024-09-26,Mondays,6pm - 8pm, AI,tech
7574503701,Male,No,"Mondays, Tuesdays, Wednesdays, Fridays","4pm - 6pm, 6pm - 8pm","IT, AI, Tech, UX/Psychology based startups",Yes,Yes,nil,2024-09-26,2024,9,September,35,2024-09-26,Mondays,6pm - 8pm, Tech,tech
7574503701,Male,No,"Mondays, Tuesdays, Wednesdays, Fridays","4pm - 6pm, 6pm - 8pm","IT, AI, Tech, UX/Psychology based startups",Yes,Yes,nil,2024-09-26,2024,9,September,35,2024-09-26,Mondays,6pm - 8pm, UX/Psychology based startups,startup & entrepreneurship
7574503701,Male,No,"Mondays, Tuesdays, Wednesdays, Fridays","4pm - 6pm, 6pm - 8pm","IT, AI, Tech, UX/Psychology based startups",Yes,Yes,nil,2024-09-26,2024,9,September,35,2024-09-26,Tuesdays,4pm - 6pm,IT,tech
7574503701,Male,No,"Mondays, Tuesdays, Wednesdays, Fridays","4pm - 6pm, 6pm - 8pm","IT, AI, Tech, UX/Psychology based startups",Yes,Yes,nil,2024-09-26,2024,9,September,35,2024-09-26,Tuesdays,4pm - 6pm, AI,tech
7574503701,Male,No,"Mondays, Tuesdays, Wednesdays, Fridays","4pm - 6pm, 6pm - 8pm","IT, AI, Tech, UX/Psychology based startups",Yes,Yes,nil,2024-09-26,2024,9,September,35,2024-09-26,Tuesdays,4pm - 6pm, Tech,tech
7574503701,Male,No,"Mondays, Tuesdays, Wednesdays, Fridays","4pm - 6pm, 6pm - 8pm","IT, AI, Tech, UX/Psychology based startups",Yes,Yes,nil,2024-09-26,2024,9,September,35,2024-09-26,Tuesdays,4pm - 6pm, UX/Psychology based startups,startup & entrepreneurship
7574503701,Male,No,"Mondays, Tuesdays, Wednesdays, Fridays","4pm - 6pm, 6pm - 8pm","IT, AI, Tech, UX/Psychology based startups",Yes,Yes,nil,2024-09-26,2024,9,September,35,2024-09-26,Tuesdays,6pm - 8pm,IT,tech
7574503701,Male,No,"Mondays, Tuesdays, Wednesdays, Fridays","4pm - 6pm, 6pm - 8pm","IT, AI, Tech, UX/Psychology based startups",Yes,Yes,nil,2024-09-26,2024,9,September,35,2024-09-26,Tuesdays,6pm - 8pm, AI,tech
7574503701,Male,No,"Mondays, Tuesdays, Wednesdays, Fridays","4pm - 6pm, 6pm - 8pm","IT, AI, Tech, UX/Psychology based startups",Yes,Yes,nil,2024-09-26,2024,9,September,35,2024-09-26,Tuesdays,6pm - 8pm, Tech,tech
7574503701,Male,No,"Mondays, Tuesdays, Wednesdays, Fridays","4pm - 6pm, 6pm - 8pm","IT, AI, Tech, UX/Psychology based startups",Yes,Yes,nil,2024-09-26,2024,9,September,35,2024-09-26,Tuesdays,6pm - 8pm, UX/Psychology based startups,startup & entrepreneurship
7574503701,Male,No,"Mondays, Tuesdays, Wednesdays, Fridays","4pm - 6pm, 6pm - 8pm","IT, AI, Tech, UX/Psychology based startups",Yes,Yes,nil,2024-09-26,2024,9,September,35,2024-09-26,Wednesdays,4pm - 6pm,IT,tech
7574503701,Male,No,"Mondays, Tuesdays, Wednesdays, Fridays","4pm - 6pm, 6pm - 8pm","IT, AI, Tech, UX/Psychology based startups",Yes,Yes,nil,2024-09-26,2024,9,September,35,2024-09-26,Wednesdays,4pm - 6pm, AI,tech
7574503701,Male,No,"Mondays, Tuesdays, Wednesdays, Fridays","4pm - 6pm, 6pm - 8pm","IT, AI, Tech, UX/Psychology based startups",Yes,Yes,nil,2024-09-26,2024,9,September,35,2024-09-26,Wednesdays,4pm - 6pm, Tech,tech
7574503701,Male,No,"Mondays, Tuesdays, Wednesdays, Fridays","4pm - 6pm, 6pm - 8pm","IT, AI, Tech, UX/Psychology based startups",Yes,Yes,nil,2024-09-26,2024,9,September,35,2024-09-26,Wednesdays,4pm - 6pm, UX/Psychology based startups,startup & entrepreneurship
7574503701,Male,No,"Mondays, Tuesdays, Wednesdays, Fridays","4pm - 6pm, 6pm - 8pm","IT, AI, Tech, UX/Psychology based startups",Yes,Yes,nil,2024-09-26,2024,9,September,35,2024-09-26,Wednesdays,6pm - 8pm,IT,tech
7574503701,Male,No,"Mondays, Tuesdays, Wednesdays, Fridays","4pm - 6pm, 6pm - 8pm","IT, AI, Tech, UX/Psychology based startups",Yes,Yes,nil,2024-09-26,2024,9,September,35,2024-09-26,Wednesdays,6pm - 8pm, AI,tech
7574503701,Male,No,"Mondays, Tuesdays, Wednesdays, Fridays","4pm - 6pm, 6pm - 8pm","IT, AI, Tech, UX/Psychology based startups",Yes,Yes,nil,2024-09-26,2024,9,September,35,2024-09-26,Wednesdays,6pm - 8pm, Tech,tech
7574503701,Male,No,"Mondays, Tuesdays, Wednesdays, Fridays","4pm - 6pm, 6pm - 8pm","IT, AI, Tech, UX/Psychology based startups",Yes,Yes,nil,2024-09-26,2024,9,September,35,2024-09-26,Wednesdays,6pm - 8pm, UX/Psychology based startups,startup & entrepreneurship
7574503701,Male,No,"Mondays, Tuesdays, Wednesdays, Fridays","4pm - 6pm, 6pm - 8pm","IT, AI, Tech, UX/Psychology based startups",Yes,Yes,nil,2024-09-26,2024,9,September,35,2024-09-26,Fridays,4pm - 6pm,IT,tech
7574503701,Male,No,"Mondays, Tuesdays, Wednesdays, Fridays","4pm - 6pm, 6pm - 8pm","IT, AI, Tech, UX/Psychology based startups",Yes,Yes,nil,2024-09-26,2024,9,September,35,2024-09-26,Fridays,4pm - 6pm, AI,tech
7574503701,Male,No,"Mondays, Tuesdays, Wednesdays, Fridays","4pm - 6pm, 6pm - 8pm","IT, AI, Tech, UX/Psychology based startups",Yes,Yes,nil,2024-09-26,2024,9,September,35,2024-09-26,Fridays,4pm - 6pm, Tech,tech
7574503701,Male,No,"Mondays, Tuesdays, Wednesdays, Fridays","4pm - 6pm, 6pm - 8pm","IT, AI, Tech, UX/Psychology based startups",Yes,Yes,nil,2024-09-26,2024,9,September,35,2024-09-26,Fridays,4pm - 6pm, UX/Psychology based startups,startup & entrepreneurship
7574503701,Male,No,"Mondays, Tuesdays, Wednesdays, Fridays","4pm - 6pm, 6pm - 8pm","IT, AI, Tech, UX/Psychology based startups",Yes,Yes,nil,2024-09-26,2024,9,September,35,2024-09-26,Fridays,6pm - 8pm,IT,tech
7574503701,Male,No,"Mondays, Tuesdays, Wednesdays, Fridays","4pm - 6pm, 6pm - 8pm","IT, AI, Tech, UX/Psychology based startups",Yes,Yes,nil,2024-09-26,2024,9,September,35,2024-09-26,Fridays,6pm - 8pm, AI,tech
7574503701,Male,No,"Mondays, Tuesdays, Wednesdays, Fridays","4pm - 6pm, 6pm - 8pm","IT, AI, Tech, UX/Psychology based startups",Yes,Yes,nil,2024-09-26,2024,9,September,35,2024-09-26,Fridays,6pm - 8pm, Tech,tech
7574503701,Male,No,"Mondays, Tuesdays, Wednesdays, Fridays","4pm - 6pm, 6pm - 8pm","IT, AI, Tech, UX/Psychology based startups",Yes,Yes,nil,2024-09-26,2024,9,September,35,2024-09-26,Fridays,6pm - 8pm, UX/Psychology based startups,startup & entrepreneurship
7574504987,Female,No,"Fridays, Saturdays, Sundays","4pm - 6pm, 6pm - 8pm","Connection, technical skills, marketing",Yes,I'm indifferent,nil,2024-09-26,2024,9,September,36,2024-09-26,Fridays,4pm - 6pm,Connection,networking
7574504987,Female,No,"Fridays, Saturdays, Sundays","4pm - 6pm, 6pm - 8pm","Connection, technical skills, marketing",Yes,I'm indifferent,nil,2024-09-26,2024,9,September,36,2024-09-26,Fridays,4pm - 6pm, technical skills,tech
7574504987,Female,No,"Fridays, Saturdays, Sundays","4pm - 6pm, 6pm - 8pm","Connection, technical skills, marketing",Yes,I'm indifferent,nil,2024-09-26,2024,9,September,36,2024-09-26,Fridays,4pm - 6pm, marketing,marketing & sales
7574504987,Female,No,"Fridays, Saturdays, Sundays","4pm - 6pm, 6pm - 8pm","Connection, technical skills, marketing",Yes,I'm indifferent,nil,2024-09-26,2024,9,September,36,2024-09-26,Fridays,6pm - 8pm,Connection,networking
7574504987,Female,No,"Fridays, Saturdays, Sundays","4pm - 6pm, 6pm - 8pm","Connection, technical skills, marketing",Yes,I'm indifferent,nil,2024-09-26,2024,9,September,36,2024-09-26,Fridays,6pm - 8pm, technical skills,tech
7574504987,Female,No,"Fridays, Saturdays, Sundays","4pm - 6pm, 6pm - 8pm","Connection, technical skills, marketing",Yes,I'm indifferent,nil,2024-09-26,2024,9,September,36,2024-09-26,Fridays,6pm - 8pm, marketing,marketing & sales
7574504987,Female,No,"Fridays, Saturdays, Sundays","4pm - 6pm, 6pm - 8pm","Connection, technical skills, marketing",Yes,I'm indifferent,nil,2024-09-26,2024,9,September,36,2024-09-26,Saturdays,4pm - 6pm,Connection,networking
7574504987,Female,No,"Fridays, Saturdays, Sundays","4pm - 6pm, 6pm - 8pm","Connection, technical skills, marketing",Yes,I'm indifferent,nil,2024-09-26,2024,9,September,36,2024-09-26,Saturdays,4pm - 6pm, technical skills,tech
7574504987,Female,No,"Fridays, Saturdays, Sundays","4pm - 6pm, 6pm - 8pm","Connection, technical skills, marketing",Yes,I'm indifferent,nil,2024-09-26,2024,9,September,36,2024-09-26,Saturdays,4pm - 6pm, marketing,marketing & sales
7574504987,Female,No,"Fridays, Saturdays, Sundays","4pm - 6pm, 6pm - 8pm","Connection, technical skills, marketing",Yes,I'm indifferent,nil,2024-09-26,2024,9,September,36,2024-09-26,Saturdays,6pm - 8pm,Connection,networking
7574504987,Female,No,"Fridays, Saturdays, Sundays","4pm - 6pm, 6pm - 8pm","Connection, technical skills, marketing",Yes,I'm indifferent,nil,2024-09-26,2024,9,September,36,2024-09-26,Saturdays,6pm - 8pm, technical skills,tech
7574504987,Female,No,"Fridays, Saturdays, Sundays","4pm - 6pm, 6pm - 8pm","Connection, technical skills, marketing",Yes,I'm indifferent,nil,2024-09-26,2024,9,September,36,2024-09-26,Saturdays,6pm - 8pm, marketing,marketing & sales
7574504987,Female,No,"Fridays, Saturdays, Sundays","4pm - 6pm, 6pm - 8pm","Connection, technical skills, marketing",Yes,I'm indifferent,nil,2024-09-26,2024,9,September,36,2024-09-26,Sundays,4pm - 6pm,Connection,networking
7574504987,Female,No,"Fridays, Saturdays, Sundays","4pm - 6pm, 6pm - 8pm","Connection, technical skills, marketing",Yes,I'm indifferent,nil,2024-09-26,2024,9,September,36,2024-09-26,Sundays,4pm - 6pm, technical skills,tech
7574504987,Female,No,"Fridays, Saturdays, Sundays","4pm - 6pm, 6pm - 8pm","Connection, technical skills, marketing",Yes,I'm indifferent,nil,2024-09-26,2024,9,September,36,2024-09-26,Sundays,4pm - 6pm, marketing,marketing & sales
7574504987,Female,No,"Fridays, Saturdays, Sundays","4pm - 6pm, 6pm - 8pm","Connection, technical skills, marketing",Yes,I'm indifferent,nil,2024-09-26,2024,9,September,36,2024-09-26,Sundays,6pm - 8pm,Connection,networking
7574504987,Female,No,"Fridays, Saturdays, Sundays","4pm - 6pm, 6pm - 8pm","Connection, technical skills, marketing",Yes,I'm indifferent,nil,2024-09-26,2024,9,September,36,2024-09-26,Sundays,6pm - 8pm, technical skills,tech
7574504987,Female,No,"Fridays, Saturdays, Sundays","4pm - 6pm, 6pm - 8pm","Connection, technical skills, marketing",Yes,I'm indifferent,nil,2024-09-26,2024,9,September,36,2024-09-26,Sundays,6pm - 8pm, marketing,marketing & sales
7574507077,Male,No,"Fridays, Saturdays, Sundays","4pm - 6pm, 6pm - 8pm","Networking, Brainstorming",I'm indifferent,Yes,everything is good,2024-09-26,2024,9,September,37,2024-09-26,Fridays,4pm - 6pm,Networking,networking
7574507077,Male,No,"Fridays, Saturdays, Sundays","4pm - 6pm, 6pm - 8pm","Networking, Brainstorming",I'm indifferent,Yes,everything is good,2024-09-26,2024,9,September,37,2024-09-26,Fridays,4pm - 6pm, Brainstorming,tech
7574507077,Male,No,"Fridays, Saturdays, Sundays","4pm - 6pm, 6pm - 8pm","Networking, Brainstorming",I'm indifferent,Yes,everything is good,2024-09-26,2024,9,September,37,2024-09-26,Fridays,6pm - 8pm,Networking,networking
7574507077,Male,No,"Fridays, Saturdays, Sundays","4pm - 6pm, 6pm - 8pm","Networking, Brainstorming",I'm indifferent,Yes,everything is good,2024-09-26,2024,9,September,37,2024-09-26,Fridays,6pm - 8pm, Brainstorming,tech
7574507077,Male,No,"Fridays, Saturdays, Sundays","4pm - 6pm, 6pm - 8pm","Networking, Brainstorming",I'm indifferent,Yes,everything is good,2024-09-26,2024,9,September,37,2024-09-26,Saturdays,4pm - 6pm,Networking,networking
7574507077,Male,No,"Fridays, Saturdays, Sundays","4pm - 6pm, 6pm - 8pm","Networking, Brainstorming",I'm indifferent,Yes,everything is good,2024-09-26,2024,9,September,37,2024-09-26,Saturdays,4pm - 6pm, Brainstorming,tech
7574507077,Male,No,"Fridays, Saturdays, Sundays","4pm - 6pm, 6pm - 8pm","Networking, Brainstorming",I'm indifferent,Yes,everything is good,2024-09-26,2024,9,September,37,2024-09-26,Saturdays,6pm - 8pm,Networking,networking
7574507077,Male,No,"Fridays, Saturdays, Sundays","4pm - 6pm, 6pm - 8pm","Networking, Brainstorming",I'm indifferent,Yes,everything is good,2024-09-26,2024,9,September,37,2024-09-26,Saturdays,6pm - 8pm, Brainstorming,tech
7574507077,Male,No,"Fridays, Saturdays, Sundays","4pm - 6pm, 6pm - 8pm","Networking, Brainstorming",I'm indifferent,Yes,everything is good,2024-09-26,2024,9,September,37,2024-09-26,Sundays,4pm - 6pm,Networking,networking
7574507077,Male,No,"Fridays, Saturdays, Sundays","4pm - 6pm, 6pm - 8pm","Networking, Brainstorming",I'm indifferent,Yes,everything is good,2024-09-26,2024,9,September,37,2024-09-26,Sundays,4pm - 6pm, Brainstorming,tech
7574507077,Male,No,"Fridays, Saturdays, Sundays","4pm - 6pm, 6pm - 8pm","Networking, Brainstorming",I'm indifferent,Yes,everything is good,2024-09-26,2024,9,September,37,2024-09-26,Sundays,6pm - 8pm,Networking,networking
7574507077,Male,No,"Fridays, Saturdays, Sundays","4pm - 6pm, 6pm - 8pm","Networking, Brainstorming",I'm indifferent,Yes,everything is good,2024-09-26,2024,9,September,37,2024-09-26,Sundays,6pm - 8pm, Brainstorming,tech
7574508202,Male,No,Thursdays,4pm - 6pm,nil,Yes,Yes,nil,2024-09-26,2024,9,September,38,2024-09-26,Thursdays,4pm - 6pm,nil,uncategorized
7574509734,Male,No,Fridays,6pm - 8pm,nil,I'm indifferent,I'm indifferent,"It's my first time, just thank you",2024-09-26,2024,9,September,39,2024-09-26,Fridays,6pm - 8pm,nil,uncategorized
7574511451,Male,No,"Mondays, Wednesdays, Fridays",4pm - 6pm,"AI, Tech startup",Yes,Yes,good as it is,2024-09-26,2024,9,September,40,2024-09-26,Mondays,4pm - 6pm,AI,tech
7574511451,Male,No,"Mondays, Wednesdays, Fridays",4pm - 6pm,"AI, Tech startup",Yes,Yes,good as it is,2024-09-26,2024,9,September,40,2024-09-26,Mondays,4pm - 6pm, Tech startup,startup & entrepreneurship
7574511451,Male,No,"Mondays, Wednesdays, Fridays",4pm - 6pm,"AI, Tech startup",Yes,Yes,good as it is,2024-09-26,2024,9,September,40,2024-09-26,Wednesdays,4pm - 6pm,AI,tech
7574511451,Male,No,"Mondays, Wednesdays, Fridays",4pm - 6pm,"AI, Tech startup",Yes,Yes,good as it is,2024-09-26,2024,9,September,40,2024-09-26,Wednesdays,4pm - 6pm, Tech startup,startup & entrepreneurship
7574511451,Male,No,"Mondays, Wednesdays, Fridays",4pm - 6pm,"AI, Tech startup",Yes,Yes,good as it is,2024-09-26,2024,9,September,40,2024-09-26,Fridays,4pm - 6pm,AI,tech
7574511451,Male,No,"Mondays, Wednesdays, Fridays",4pm - 6pm,"AI, Tech startup",Yes,Yes,good as it is,2024-09-26,2024,9,September,40,2024-09-26,Fridays,4pm - 6pm, Tech startup,startup & entrepreneurship
7574513425,Male,Yes,Thursdays,4pm - 6pm,How to crack ICT jobs,Yes,Yes,nothing in mind,2024-09-26,2024,9,September,41,2024-09-26,Thursdays,4pm - 6pm,How to crack ICT jobs,tech
7574515278,Non-Binary,Yes,"Mondays, Fridays","12pm - 2pm, 4pm - 6pm","Starting business, networking",I'm indifferent,Yes,"Very happy with the event modality, I enjoyed the laid back atmosphere",2024-09-26,2024,9,September,42,2024-09-26,Mondays,12pm - 2pm,Starting business,business
7574515278,Non-Binary,Yes,"Mondays, Fridays","12pm - 2pm, 4pm - 6pm","Starting business, networking",I'm indifferent,Yes,"Very happy with the event modality, I enjoyed the laid back atmosphere",2024-09-26,2024,9,September,42,2024-09-26,Mondays,12pm - 2pm, networking,networking
7574515278,Non-Binary,Yes,"Mondays, Fridays","12pm - 2pm, 4pm - 6pm","Starting business, networking",I'm indifferent,Yes,"Very happy with the event modality, I enjoyed the laid back atmosphere",2024-09-26,2024,9,September,42,2024-09-26,Mondays,4pm - 6pm,Starting business,business
7574515278,Non-Binary,Yes,"Mondays, Fridays","12pm - 2pm, 4pm - 6pm","Starting business, networking",I'm indifferent,Yes,"Very happy with the event modality, I enjoyed the laid back atmosphere",2024-09-26,2024,9,September,42,2024-09-26,Mondays,4pm - 6pm, networking,networking
7574515278,Non-Binary,Yes,"Mondays, Fridays","12pm - 2pm, 4pm - 6pm","Starting business, networking",I'm indifferent,Yes,"Very happy with the event modality, I enjoyed the laid back atmosphere",2024-09-26,2024,9,September,42,2024-09-26,Fridays,12pm - 2pm,Starting business,business
7574515278,Non-Binary,Yes,"Mondays, Fridays","12pm - 2pm, 4pm - 6pm","Starting business, networking",I'm indifferent,Yes,"Very happy with the event modality, I enjoyed the laid back atmosphere",2024-09-26,2024,9,September,42,2024-09-26,Fridays,12pm - 2pm, networking,networking
7574515278,Non-Binary,Yes,"Mondays, Fridays","12pm - 2pm, 4pm - 6pm","Starting business, networking",I'm indifferent,Yes,"Very happy with the event modality, I enjoyed the laid back atmosphere",2024-09-26,2024,9,September,42,2024-09-26,Fridays,4pm - 6pm,Starting business,business
7574515278,Non-Binary,Yes,"Mondays, Fridays","12pm - 2pm, 4pm - 6pm","Starting business, networking",I'm indifferent,Yes,"Very happy with the event modality, I enjoyed the laid back atmosphere",2024-09-26,2024,9,September,42,2024-09-26,Fridays,4pm - 6pm, networking,networking
7574516289,Male,Yes,"Mondays, Tuesdays, Wednesdays, Thursdays, Fridays","4pm - 6pm, 6pm - 8pm",nil,I'm indifferent,I'm indifferent,nil,2024-09-26,2024,9,September,43,2024-09-26,Mondays,4pm - 6pm,nil,uncategorized
7574516289,Male,Yes,"Mondays, Tuesdays, Wednesdays, Thursdays, Fridays","4pm - 6pm, 6pm - 8pm",nil,I'm indifferent,I'm indifferent,nil,2024-09-26,2024,9,September,43,2024-09-26,Mondays,6pm - 8pm,nil,uncategorized
7574516289,Male,Yes,"Mondays, Tuesdays, Wednesdays, Thursdays, Fridays","4pm - 6pm, 6pm - 8pm",nil,I'm indifferent,I'm indifferent,nil,2024-09-26,2024,9,September,43,2024-09-26,Tuesdays,4pm - 6pm,nil,uncategorized
7574516289,Male,Yes,"Mondays, Tuesdays, Wednesdays, Thursdays, Fridays","4pm - 6pm, 6pm - 8pm",nil,I'm indifferent,I'm indifferent,nil,2024-09-26,2024,9,September,43,2024-09-26,Tuesdays,6pm - 8pm,nil,uncategorized
7574516289,Male,Yes,"Mondays, Tuesdays, Wednesdays, Thursdays, Fridays","4pm - 6pm, 6pm - 8pm",nil,I'm indifferent,I'm indifferent,nil,2024-09-26,2024,9,September,43,2024-09-26,Wednesdays,4pm - 6pm,nil,uncategorized
7574516289,Male,Yes,"Mondays, Tuesdays, Wednesdays, Thursdays, Fridays","4pm - 6pm, 6pm - 8pm",nil,I'm indifferent,I'm indifferent,nil,2024-09-26,2024,9,September,43,2024-09-26,Wednesdays,6pm - 8pm,nil,uncategorized
7574516289,Male,Yes,"Mondays, Tuesdays, Wednesdays, Thursdays, Fridays","4pm - 6pm, 6pm - 8pm",nil,I'm indifferent,I'm indifferent,nil,2024-09-26,2024,9,September,43,2024-09-26,Thursdays,4pm - 6pm,nil,uncategorized
7574516289,Male,Yes,"Mondays, Tuesdays, Wednesdays, Thursdays, Fridays","4pm - 6pm, 6pm - 8pm",nil,I'm indifferent,I'm indifferent,nil,2024-09-26,2024,9,September,43,2024-09-26,Thursdays,6pm - 8pm,nil,uncategorized
7574516289,Male,Yes,"Mondays, Tuesdays, Wednesdays, Thursdays, Fridays","4pm - 6pm, 6pm - 8pm",nil,I'm indifferent,I'm indifferent,nil,2024-09-26,2024,9,September,43,2024-09-26,Fridays,4pm - 6pm,nil,uncategorized
7574516289,Male,Yes,"Mondays, Tuesdays, Wednesdays, Thursdays, Fridays","4pm - 6pm, 6pm - 8pm",nil,I'm indifferent,I'm indifferent,nil,2024-09-26,2024,9,September,43,2024-09-26,Fridays,6pm - 8pm,nil,uncategorized
8907081097,Female,No,Thursdays,4pm - 6pm,-,Yes,Yes,-,2025-04-10,2025,4,April,44,2025-04-10,Thursdays,4pm - 6pm,-,uncategorized
8907083429,Male,Yes,"Mondays, Tuesdays, Wednesdays, Thursdays, Fridays",4pm - 6pm,Sparring and developing ideas,I'm indifferent,Yes,Participation list (like delegation list). Helps to connect with people later on.,2025-04-10,2025,4,April,45,2025-04-10,Mondays,4pm - 6pm,Sparring and developing ideas,tech
8907083429,Male,Yes,"Mondays, Tuesdays, Wednesdays, Thursdays, Fridays",4pm - 6pm,Sparring and developing ideas,I'm indifferent,Yes,Participation list (like delegation list). Helps to connect with people later on.,2025-04-10,2025,4,April,45,2025-04-10,Tuesdays,4pm - 6pm,Sparring and developing ideas,tech
8907083429,Male,Yes,"Mondays, Tuesdays, Wednesdays, Thursdays, Fridays",4pm - 6pm,Sparring and developing ideas,I'm indifferent,Yes,Participation list (like delegation list). Helps to connect with people later on.,2025-04-10,2025,4,April,45,2025-04-10,Wednesdays,4pm - 6pm,Sparring and developing ideas,tech
8907083429,Male,Yes,"Mondays, Tuesdays, Wednesdays, Thursdays, Fridays",4pm - 6pm,Sparring and developing ideas,I'm indifferent,Yes,Participation list (like delegation list). Helps to connect with people later on.,2025-04-10,2025,4,April,45,2025-04-10,Thursdays,4pm - 6pm,Sparring and developing ideas,tech
8907083429,Male,Yes,"Mondays, Tuesdays, Wednesdays, Thursdays, Fridays",4pm - 6pm,Sparring and developing ideas,I'm indifferent,Yes,Participation list (like delegation list). Helps to connect with people later on.,2025-04-10,2025,4,April,45,2025-04-10,Fridays,4pm - 6pm,Sparring and developing ideas,tech
8907085497,Male,Yes,Fridays,6pm - 8pm,Web3,I'm indifferent,Yes,I don’t have idea,2025-04-10,2025,4,April,46,2025-04-10,Fridays,6pm - 8pm,Web3,tech
8907100307,Male,No,Wednesdays,4pm - 6pm,Marketing for build up your own firm,Yes,Yes,"Next time when doing speed dating concept, chairs should be bit further away of each other. ",2025-04-10,2025,4,April,47,2025-04-10,Wednesdays,4pm - 6pm,Marketing for build up your own firm,marketing & sales
8907198922,Male,Yes,Fridays,4pm - 6pm,"Sales, finance, legal",No,I'm indifferent,It’s ok,2025-04-10,2025,4,April,48,2025-04-10,Fridays,4pm - 6pm,Sales,marketing & sales
8907198922,Male,Yes,Fridays,4pm - 6pm,"Sales, finance, legal",No,I'm indifferent,It’s ok,2025-04-10,2025,4,April,48,2025-04-10,Fridays,4pm - 6pm, finance,finance & legal
8907198922,Male,Yes,Fridays,4pm - 6pm,"Sales, finance, legal",No,I'm indifferent,It’s ok,2025-04-10,2025,4,April,48,2025-04-10,Fridays,4pm - 6pm, legal,finance & legal
8907256684,Female,No,"Thursdays, Fridays, Saturdays",6pm - 8pm,"Businesses in trend ,beauty industry",I'm indifferent,Yes,New to the group and hope to attend more event to share and learn more ,2025-04-10,2025,4,April,49,2025-04-10,Thursdays,6pm - 8pm,Businesses in trend ,business
8907256684,Female,No,"Thursdays, Fridays, Saturdays",6pm - 8pm,"Businesses in trend ,beauty industry",I'm indifferent,Yes,New to the group and hope to attend more event to share and learn more ,2025-04-10,2025,4,April,49,2025-04-10,Thursdays,6pm - 8pm,beauty industry,specialized
8907256684,Female,No,"Thursdays, Fridays, Saturdays",6pm - 8pm,"Businesses in trend ,beauty industry",I'm indifferent,Yes,New to the group and hope to attend more event to share and learn more ,2025-04-10,2025,4,April,49,2025-04-10,Fridays,6pm - 8pm,Businesses in trend ,business
8907256684,Female,No,"Thursdays, Fridays, Saturdays",6pm - 8pm,"Businesses in trend ,beauty industry",I'm indifferent,Yes,New to the group and hope to attend more event to share and learn more ,2025-04-10,2025,4,April,49,2025-04-10,Fridays,6pm - 8pm,beauty industry,specialized
8907256684,Female,No,"Thursdays, Fridays, Saturdays",6pm - 8pm,"Businesses in trend ,beauty industry",I'm indifferent,Yes,New to the group and hope to attend more event to share and learn more ,2025-04-10,2025,4,April,49,2025-04-10,Saturdays,6pm - 8pm,Businesses in trend ,business
8907256684,Female,No,"Thursdays, Fridays, Saturdays",6pm - 8pm,"Businesses in trend ,beauty industry",I'm indifferent,Yes,New to the group and hope to attend more event to share and learn more ,2025-04-10,2025,4,April,49,2025-04-10,Saturdays,6pm - 8pm,beauty industry,specialized
8907259768,Female,No,Fridays,6pm - 8pm,New business ideas,I'm indifferent,Yes,I am just new in this group and finland also so i want to interested to attend more ,2025-04-10,2025,4,April,50,2025-04-10,Fridays,6pm - 8pm,New business ideas,business
8907276201,Female,No,"Thursdays, Fridays",6pm - 8pm,New latest business ideas,I'm indifferent,Yes,New to the group. Hope to see more later,2025-04-10,2025,4,April,51,2025-04-10,Thursdays,6pm - 8pm,New latest business ideas,business
8907276201,Female,No,"Thursdays, Fridays",6pm - 8pm,New latest business ideas,I'm indifferent,Yes,New to the group. Hope to see more later,2025-04-10,2025,4,April,51,2025-04-10,Fridays,6pm - 8pm,New latest business ideas,business
8907383301,Male,Yes,Tuesdays,4pm - 6pm,Marketing,No,No,Topics,2025-04-10,2025,4,April,52,2025-04-10,Tuesdays,4pm - 6pm,Marketing,marketing & sales
8907612004,Male,Yes,"Thursdays, Fridays","6pm - 8pm, 4pm - 6pm","Networking, startups, funding",I'm indifferent,Yes,I would like more events fixed in a time schedule focused to people doing other jobs for example in the evening.,2025-04-10,2025,4,April,53,2025-04-10,Thursdays,6pm - 8pm,Networking,networking
8907612004,Male,Yes,"Thursdays, Fridays","6pm - 8pm, 4pm - 6pm","Networking, startups, funding",I'm indifferent,Yes,I would like more events fixed in a time schedule focused to people doing other jobs for example in the evening.,2025-04-10,2025,4,April,53,2025-04-10,Thursdays,6pm - 8pm, startups,startup & entrepreneurship
8907612004,Male,Yes,"Thursdays, Fridays","6pm - 8pm, 4pm - 6pm","Networking, startups, funding",I'm indifferent,Yes,I would like more events fixed in a time schedule focused to people doing other jobs for example in the evening.,2025-04-10,2025,4,April,53,2025-04-10,Thursdays,6pm - 8pm, funding,finance & legal
8907612004,Male,Yes,"Thursdays, Fridays","6pm - 8pm, 4pm - 6pm","Networking, startups, funding",I'm indifferent,Yes,I would like more events fixed in a time schedule focused to people doing other jobs for example in the evening.,2025-04-10,2025,4,April,53,2025-04-10,Thursdays,4pm - 6pm,Networking,networking
8907612004,Male,Yes,"Thursdays, Fridays","6pm - 8pm, 4pm - 6pm","Networking, startups, funding",I'm indifferent,Yes,I would like more events fixed in a time schedule focused to people doing other jobs for example in the evening.,2025-04-10,2025,4,April,53,2025-04-10,Thursdays,4pm - 6pm, startups,startup & entrepreneurship
8907612004,Male,Yes,"Thursdays, Fridays","6pm - 8pm, 4pm - 6pm","Networking, startups, funding",I'm indifferent,Yes,I would like more events fixed in a time schedule focused to people doing other jobs for example in the evening.,2025-04-10,2025,4,April,53,2025-04-10,Thursdays,4pm - 6pm, funding,finance & legal
8907612004,Male,Yes,"Thursdays, Fridays","6pm - 8pm, 4pm - 6pm","Networking, startups, funding",I'm indifferent,Yes,I would like more events fixed in a time schedule focused to people doing other jobs for example in the evening.,2025-04-10,2025,4,April,53,2025-04-10,Fridays,6pm - 8pm,Networking,networking
8907612004,Male,Yes,"Thursdays, Fridays","6pm - 8pm, 4pm - 6pm","Networking, startups, funding",I'm indifferent,Yes,I would like more events fixed in a time schedule focused to people doing other jobs for example in the evening.,2025-04-10,2025,4,April,53,2025-04-10,Fridays,6pm - 8pm, startups,startup & entrepreneurship
8907612004,Male,Yes,"Thursdays, Fridays","6pm - 8pm, 4pm - 6pm","Networking, startups, funding",I'm indifferent,Yes,I would like more events fixed in a time schedule focused to people doing other jobs for example in the evening.,2025-04-10,2025,4,April,53,2025-04-10,Fridays,6pm - 8pm, funding,finance & legal
8907612004,Male,Yes,"Thursdays, Fridays","6pm - 8pm, 4pm - 6pm","Networking, startups, funding",I'm indifferent,Yes,I would like more events fixed in a time schedule focused to people doing other jobs for example in the evening.,2025-04-10,2025,4,April,53,2025-04-10,Fridays,4pm - 6pm,Networking,networking
8907612004,Male,Yes,"Thursdays, Fridays","6pm - 8pm, 4pm - 6pm","Networking, startups, funding",I'm indifferent,Yes,I would like more events fixed in a time schedule focused to people doing other jobs for example in the evening.,2025-04-10,2025,4,April,53,2025-04-10,Fridays,4pm - 6pm, startups,startup & entrepreneurship
8907612004,Male,Yes,"Thursdays, Fridays","6pm - 8pm, 4pm - 6pm","Networking, startups, funding",I'm indifferent,Yes,I would like more events fixed in a time schedule focused to people doing other jobs for example in the evening.,2025-04-10,2025,4,April,53,2025-04-10,Fridays,4pm - 6pm, funding,finance & legal
